id,name,activity_type,distance,elevation_gain,elevation_low,elevation_high,best_time,average_top_10_time,tenth_best_time,total_effort_count,total_athlete_count
8506922,montée des Avirons par D17,Ride,2088.5,101.0,62.8,163.8,256,260.1,264.0,20739.0,2879.0
19455779,Etang Salé - St Leu AR,Ride,23781.2,165.4,-25.0,15.6,1613,1778.1,1921.0,8788.0,1539.0
16141737,Etang salé Trou d'eau Etang salé ,Ride,44379.8,348.6,15.8,63.8,3861,4014.8,4091.0,4337.0,826.0
24095809,Vent dans le faux plat,Ride,1329.0,14.0,92.0,100.0,101,103.2,105.0,68119.0,7810.0
25288618,2nd Single Track RDS,Ride,659.7,2.6,53.4,57.2,111,119.0,123.0,2762.0,313.0
18788047,Nouvelle partie rds 2018 ,Ride,720.6,7.0,-11.2,-6.6,121,125.4,129.0,1717.0,293.0
8151165,voie canniere rn3,Ride,2406.2,0.0,139.3,263.0,308,319.9,326.0,18809.0,2368.0
5942362,pont ouaki/pont entre deux,Ride,2145.0,163.0,111.1,247.9,304,311.6,316.0,17738.0,2707.0
11202685,Rte des sables-usine du Gol,Ride,2097.5,15.6,7.1,17.7,122,146.3,155.0,72738.0,6964.0
17087706,Ligne droite exotica,Ride,1227.7,26.7,68.2,94.9,80,94.4,101.0,38167.0,4176.0
18036527,montee du Woaki 97421,Ride,2101.6,103.8,126.8,230.6,203,211.6,215.0,11819.0,2986.0
12928902,Rte de pierrefonds,Ride,4540.6,69.8,7.4,62.3,354,356.1,358.0,27302.0,3800.0
16903143,montée canots bb croisée lambert ,Ride,1553.0,120.6,51.1,171.7,245,302.0,323.0,1759.0,706.0
5103103,notre dame de la paix,Ride,11847.1,1106.4,580.0,1686.4,2862,3052.2,3195.0,2262.0,987.0
10729105,ST JO-PG1,Ride,6341.4,453.8,59.2,435.0,966,1036.6,1067.0,10874.0,1547.0
13728085,Montée des Lianes - Mica,Ride,4067.8,189.0,438.0,623.0,545,578.7,587.0,15198.0,1942.0
6405426,Montée L'Anse,Ride,1690.3,87.8,36.8,119.0,170,208.0,214.0,29930.0,4999.0
17258588,Tampon-Berive,Ride,3896.9,69.6,554.0,602.0,371,414.5,431.0,19739.0,2105.0
9827970,montee au stop ,Ride,5851.4,358.2,152.3,437.2,781,807.4,824.0,5845.0,1387.0
19358372,Rue du bel air,Ride,1774.0,101.3,593.6,694.9,229,262.6,282.0,4078.0,642.0
15437615,Montée Piton des Goyaves,Ride,2405.5,88.6,615.0,685.1,286,318.7,336.0,19606.0,2101.0
17073484,Piton goyave Punch,Ride,1778.8,30.9,644.1,675.0,181,197.6,205.0,23362.0,2470.0
9648074,Chemin Boissy Climb part.,Ride,5779.9,427.0,108.4,535.4,1060,1221.5,1313.0,1904.0,539.0
16876091,Rampe de basse vallée,Ride,856.3,64.4,88.8,153.2,118,119.3,121.0,19354.0,3327.0
13531564,Mer cassée - Honoré ,Ride,11296.5,203.0,16.4,151.4,850,996.2,1022.0,21663.0,3964.0
13917673,sortie enclo / église baril,Ride,14648.1,97.2,5.0,123.2,961,997.2,1003.0,16850.0,3037.0
13531634,Charmille,Ride,790.7,19.8,40.2,60.0,60,61.0,,21580.0,3509.0
25074512,Le Baril / Mare Longue,Ride,4133.3,9.2,71.4,97.6,292,296.2,299.0,23760.0,4478.0
13295315,crete 2,Ride,6995.6,514.6,135.0,639.8,1212,1398.5,1474.0,1437.0,334.0
13869272,Tout droit depuis Saint Philippe,Ride,3347.7,34.6,8.0,27.0,203,224.1,227.0,21070.0,3363.0
5914602,Plateau Vincendo,Ride,723.2,16.0,40.2,53.4,60,61.0,62.0,23185.0,4325.0
26760396,Descente crête ,Ride,6244.4,0.0,172.6,595.5,515,554.5,576.0,1155.0,330.0
7293370,montee panon,Ride,5392.1,420.5,22.5,359.7,786,847.1,863.0,37534.0,4106.0
6290326,Montée de Kelonia,Ride,1484.1,41.4,14.6,54.6,100,118.1,126.0,165236.0,9440.0
10957611,chemin carlonnette,Ride,5318.2,323.6,344.8,668.4,817,902.7,950.0,6944.0,1614.0
9013601,intégrale Piton Saint Leu par D11 (RN1-> panneau Le Plateau),Ride,6778.9,308.8,17.4,324.0,899,966.7,1001.0,16128.0,2367.0
6426359,Colimaçon2,Ride,2696.7,283.7,504.3,742.4,461,500.2,521.0,11124.0,2478.0
11246431,Chemin Dubuisson,Ride,4747.4,312.4,33.6,346.0,759,822.4,859.0,5665.0,1215.0
6290350,Montée de La Grande Ravine,Ride,1910.8,49.2,13.6,57.0,147,158.2,162.0,157144.0,9446.0
12317537,chemin de la surprise en entier,Ride,5415.9,471.5,15.8,423.3,1011,1049.8,1091.0,3646.0,1244.0
18965451,faux plat entrée sud st leu,Ride,1612.9,0.0,18.2,40.8,89,101.7,104.0,173942.0,10137.0
14428150,Pavillon - Cilaos,Ride,16180.0,915.4,447.0,1204.0,2588,2684.1,2735.0,11890.0,3955.0
16679858,Les Makes RD20 + RF11 montée intégrale,Ride,16074.0,1233.0,375.0,1584.0,3502,3827.6,4041.0,755.0,537.0
20270198,2 eme tunnel - centre ville ,Ride,8863.3,382.4,945.6,1205.0,1243,1268.6,1286.0,12631.0,3981.0
20059301,Entre deux - kiosque ravine des citrons,Ride,3871.2,388.9,394.8,681.8,723,790.4,827.0,3674.0,936.0
23966993,Dernier 100 d+ climb tevelave,Ride,1220.6,106.0,805.4,911.4,260,272.0,284.0,2578.0,1084.0
9083622,Dassy,Ride,982.4,0.0,478.8,557.6,130,177.7,191.0,13550.0,2083.0
16305969,Raidar final Chemin du Cap,Ride,773.5,96.6,418.5,515.1,213,225.3,236.0,1475.0,608.0
5193319,RF9b Tamarins Sud - S->N,Ride,10613.5,401.6,1673.4,1889.4,1391,1509.33,,578.0,425.0
3611945,Route Forestière 11 Des Makes Climb,Ride,9826.51,0.0,882.2,1578.0,1942,2077.1,2200.0,1333.0,785.0
23569699,Cilaos - îlet a corde ,Ride,9623.2,329.4,1127.0,1304.2,1201,1375.2,1507.0,910.0,541.0
2279296,"Route de Volcan climb (from turnoff, full)",Ride,16557.6,817.4,1634.8,2376.4,2596,2881.3,2985.0,2703.0,1354.0
13475334,Chemin Henri Cabeu - Mica,Ride,7529.8,529.0,835.0,1364.0,1371,1569.6,1653.0,4766.0,1142.0
22151174,La Plaine (Rond point Mairie) - Col de Bellevue,Ride,10309.8,551.2,1005.6,1556.8,1472,1782.9,1921.0,3165.0,1274.0
26486517,Bois court,Ride,3950.0,61.0,42.0,89.0,431,479.0,503.0,1087.0,360.0
13095514,Montée Maillot,Ride,694.9,70.8,1188.4,1259.2,130,138.2,145.0,986.0,527.0
16369516,19ème - 23ème,Ride,3812.8,258.6,1088.5,1340.0,614,681.7,743.0,5013.0,1553.0
13957893,Descente du Volcan,Ride,17146.5,96.6,1633.2,2378.0,1375,1473.7,1528.0,2673.0,1405.0
24959530,Rond point 17km / arrêt de bus école 19 km,Ride,1797.3,136.4,973.2,1109.6,281,307.0,336.0,5808.0,1677.0
21030026,RUE RAPHAEL DOUYERE,Ride,973.4,10.9,1352.0,1375.9,72,76.0,79.0,5644.0,1266.0
14745313,volcano cup race 1,Ride,1631.0,10.6,1869.4,2054.2,245,270.2,292.0,2013.0,321.0
18059557,Dernière rampes rivière de l'est,Ride,913.1,70.4,179.0,249.4,118,123.9,127.0,16511.0,3741.0
28266141,GP CFG,Ride,2080.1,64.3,95.4,127.1,176,195.2,204.0,568.0,24.0
6842020,Sainte Rose - Rivière de l'Est,Ride,5335.7,205.0,44.8,238.6,594,604.9,611.0,15063.0,3572.0
25739886,Slalom Montant,Ride,681.9,16.8,229.0,245.8,63,63.4,64.0,10735.0,1672.0
20393071,DH Pont Riv l'Est - Ste Rose,Ride,5095.0,11.8,31.6,212.4,301,302.5,304.0,12402.0,2927.0
15500200,chemin Touzet / citernes EDF,Ride,3081.3,359.0,513.8,872.8,892,1061.8,1155.0,135.0,93.0
25342211,dernière partie chemin Touzet,Ride,1155.0,110.6,404.2,514.8,200,231.3,246.0,633.0,319.0
19842033,Montée  Piste du Pas de Bellecombe,Ride,3145.0,90.0,2275.6,2337.4,432,501.6,557.0,743.0,506.0
8812146,Crève coeur ,Ride,4649.4,300.0,3.2,303.0,725,740.2,753.0,15164.0,2626.0
18266074,_Boucan_Saint_Paul,Ride,3946.7,21.4,24.0,41.8,237,252.11,,124067.0,8937.0
8215589,Eden > Grotte,Ride,10521.4,0.0,16.2,41.2,674,718.9,751.0,79975.0,5473.0
16215497,Les 3 petites bosses ,Ride,3388.6,30.6,10.4,29.8,219,235.0,244.0,106585.0,6317.0
5883162,saint paul/boucan,Ride,4094.3,0.0,10.7,83.4,276,282.1,288.0,132184.0,8749.0
5231734,Route de Cambaie,Ride,1369.7,16.3,31.6,48.7,83,99.1,103.0,84382.0,5202.0
6078472,Megavalanche Qualif Enduro Section 3,Ride,2893.1,11.1,511.7,743.3,281,289.9,297.0,4713.0,3193.0
13850972,Safer only,Ride,5051.9,396.7,497.1,869.4,1088,1145.7,1216.0,1424.0,257.0
7991500,un peu de maido,Ride,5050.1,472.0,692.4,1125.9,1126,1181.9,1223.0,4221.0,2112.0
6078450,Megavalanche Qualif Enduro Section 1,Ride,2813.3,23.6,1783.0,2021.6,374,404.7,420.0,1796.0,484.0
6035411,Route Forestière n°8 du Maïdo Climb,Ride,3843.0,337.0,1879.7,2190.9,742,836.3,879.0,4350.0,2093.0
5038710,Fleur Jaune/Grand Ilet,Ride,3807.4,486.9,696.9,1116.8,869,1070.5,1163.0,1088.0,593.0
17166939,Maïdo derniers km ,Ride,2259.4,177.2,1902.0,2079.2,418,487.2,510.0,4812.0,2238.0
14000282,Montée ch Ratineau,Ride,4035.2,391.3,403.7,708.9,686,834.2,912.0,2112.0,273.0
26427451,Grand Ilet-Fleur-Jaune,Ride,3807.0,0.0,714.0,1110.0,216,299.6,316.0,974.0,556.0
18113962,last kms dos d'ane ,Ride,2832.8,250.8,694.4,945.2,543,606.2,633.0,4410.0,1292.0
6044493,Sentier Forestier du Cap Noir Climb,Ride,1162.5,127.9,1023.0,1125.7,162,199.0,224.0,2819.0,771.0
6442655,UH Plaine d'Affouche barrière pk20,Ride,8941.1,327.2,1111.2,1386.8,1695,1998.9,2161.0,218.0,100.0
17465920,DH parking col des Boeufs -> Pont fleur jaune,Ride,13165.5,62.0,676.2,1910.0,1290,1370.9,1446.0,358.0,244.0
16212249,Monté  salazie pont rdm.mairie salazie,Ride,13522.5,0.0,128.8,712.1,1427,1447.5,1452.0,6417.0,1622.0
4426341,Chemin Menciol,Ride,1836.3,43.6,165.6,203.9,156,177.8,188.0,13036.0,1193.0
11824171,Montée Salazie,Ride,5575.2,181.0,269.6,436.8,628,630.7,633.0,6867.0,1735.0
999529,Route Departementale 48 Climb,Ride,5491.77,398.6,394.4,793.0,923,1079.8,1140.0,1713.0,918.0
19904003,Descente Salazie,Ride,5516.9,10.8,258.2,425.4,385,401.1,411.0,6416.0,1615.0
26519039,velo dos demi km vertical,Ride,2786.6,655.0,984.1,1503.9,1103,2856.2,3222.0,118.0,115.0
6873735,Monter Chemin Safer,Ride,1008.9,124.8,230.6,327.8,196,228.2,257.0,994.0,307.0
4211467,D53 Climb,Ride,1849.2,154.6,598.6,748.0,423,454.7,472.0,1791.0,608.0
22924473,Hell bourg-intervalle 2,Ride,3609.0,76.0,202.0,268.0,337,358.6,371.0,8123.0,2041.0
5754601,1ere partie,Ride,1047.3,12.7,682.5,769.7,615,835.8,992.0,38.0,18.0
18424137,Sprint Bras Panon,Ride,1179.8,0.0,89.0,110.8,62,67.6,71.0,28183.0,2826.0
19482561,faut plat Bras-Panon,Ride,3750.9,89.6,6.8,88.4,316,321.4,330.0,19674.0,3008.0
3822906,champborne,Ride,4930.95,80.9815,9.1,82.7,425,430.0,437.0,18788.0,2010.0
16726456,Retour chrono Sainte Anne,Ride,3748.5,32.6,8.0,27.7,251,269.2,277.0,18664.0,3378.0
16726429,Allé Chrono Sainte-Anne,Ride,3790.0,0.0,8.1,28.0,225,255.0,270.0,18193.0,2225.0
3602476,Chemin Beaumont Climb,Ride,2299.09,142.2,337.6,479.8,319,345.1,358.0,5221.0,1609.0
18420597,Test Takamaka,Ride,3564.6,178.0,222.4,400.4,501,517.4,534.0,3558.0,793.0
12477497,Bd Mascareignes 2,Ride,1122.7,0.0,37.5,57.3,67,67.78,,36018.0,3720.0
24773223,pont aux stop fractionné,Ride,1242.0,98.0,58.0,156.0,196,210.5,217.0,6240.0,992.0
14421592,Sortie campmag entrée grdlarge,Ride,1352.7,0.0,38.0,121.0,129,178.3,197.0,18673.0,2706.0
4905018,Bd des Mascareignes,Ride,1023.2,0.0,12.9,36.0,60,60.4,61.0,23377.0,2073.0
13717511,Avenue de Tamatave,Ride,1035.8,19.4,4.9,13.9,68,73.5,75.0,17122.0,1907.0
22787747,Avenue de la Compagnie des Indes,Ride,1755.0,18.2,34.2,52.4,130,132.5,135.0,8672.0,1652.0
22787816,Avenue de la Compagnie des Indes vers Le Port,Ride,1758.8,6.9,34.2,52.3,119,136.8,145.0,8954.0,1384.0
20300799,CLM championnat 2019 1,Ride,2124.0,26.0,4.2,30.4,181,191.0,196.0,113.0,91.0
11376146,Rampes Montagne,Ride,3939.3,258.0,96.0,354.0,352,561.2,603.0,17230.0,2319.0
7724403,St-François/Brulé,Ride,12142.8,753.2,-19.4,733.8,1987,2191.0,2322.0,5279.0,947.0
17517725,Chrono ravine a malheur 4 derniers kms ,Ride,4161.6,246.2,391.4,637.6,546,654.9,684.0,15337.0,2549.0
13903858,Mairie bellepierre - Village Brulé,Ride,9869.8,928.0,202.9,840.0,1787,1957.6,2037.0,3031.0,695.0
10902472,Le Brulé: second half,Ride,4708.8,290.8,529.0,819.8,672,749.5,775.0,7057.0,1228.0
10779536,Sortie St Denis->Grande Chaloupe,Ride,6866.6,26.4,-82.8,-29.4,418,431.0,438.0,14989.0,2109.0
18871083,DH Boîtes aux lettres,Ride,2061.8,13.7,436.6,647.7,227,240.4,249.0,2034.0,329.0
5188083,jamaique/barachois,Ride,5001.5,34.4,8.1,17.5,324,329.3,332.0,20893.0,4412.0
3677607,Montée de Gillot,Ride,731.412,23.694,30.8,54.5,60,60.0,,74838.0,6032.0
17803523,"Promenons nous dans les bois, madame",Ride,1098.4,8.2,45.8,56.0,73,80.3,84.0,69283.0,5722.0
16731692,N2002 Sainte-Suzanne,Ride,3104.7,11.6,7.0,12.0,199,201.0,202.0,33519.0,3990.0
11748450,Bagatelle (Rond point=>Boulangerie),Ride,4727.9,167.6,79.8,247.4,587,589.7,592.0,7619.0,1004.0
17926381,DESCENTE BAGATELLE - CAFES,Ride,3011.7,0.0,184.0,303.2,199,207.0,214.0,9946.0,1248.0
22551908,Monté Mathurine,Ride,758.2,49.3,115.3,161.5,100,119.3,130.0,8430.0,1024.0
14264815,Montée Sano (Paradis),Ride,3345.3,278.4,207.8,486.2,782,859.6,980.0,156.0,66.0
3933441,colosse,Ride,3141.2,0.0,14.7,27.7,234,236.2,238.0,26074.0,2546.0
13032952,Bel ombre,Ride,2010.6,0.0,17.5,27.8,142,146.9,149.0,24221.0,2614.0
12942514,Ch Brunet,Ride,1547.1,0.0,31.6,58.6,179,217.2,235.0,112.0,56.0
30538290,Chemin étang à colosse FDM,Ride,603.5,5.11948,4.7,10.7,69,82.9,91.0,472.0,148.0
33053358,Chemin Cent Gaulette,Ride,1853.6,0.0,21.8,58.5,202,216.6,235.0,77.0,31.0
30538095,Sentier colosse,Ride,1415.4,10.5875,9.6,20.8,187,194.6,201.0,1130.0,287.0
30035771,Chemin Cent Gaulette ,Ride,1808.1,39.2,25.4,64.6,240,268.3,287.0,432.0,106.0
30814102,boucle secteur rio,Ride,9927.8,77.2,29.4,99.8,817,838.1,851.0,1862.0,457.0
16220538,des ruches jusqu'à l'aire de pique nique,Run,1429.2,75.4,69.4,142.0,360,375.4,390.0,4853.0,1091.0
27337967,1500m à la sortie d’étang salé,Run,1504.5,4.0,20.0,25.0,98,257.8,290.0,25871.0,4293.0
16785240,Cot' gravier,Run,417.6,36.2,73.8,110.0,104,112.9,119.0,4384.0,1571.0
28043218,10 km du gouffre ,Run,9992.6,21.1,8.3,18.6,2249,2466.6,2596.0,27.0,21.0
19172921,Rue Octave Sprint,Run,575.6,0.0,8.4,9.4,108,116.9,124.0,3597.0,1465.0
6503608,Along the road.,Run,1888.1,16.7,20.7,73.1,425,443.2,457.0,3720.0,942.0
38970617,Sortie de ravine Mila,Run,835.0,70.0,31.0,101.0,330,363.5,376.0,776.0,533.0
13437165,La pointe de SIM,Run,1567.7,4.0,23.0,34.0,307,322.2,333.0,31536.0,6204.0
2509757,Sentier De L'Entre Deux Climb,Run,1138.21,128.8,267.0,398.0,362,406.9,424.0,37226.0,5526.0
16677227,Picos Diablo Speedy,Run,1875.0,12.0,25.0,35.0,374,397.0,412.0,23287.0,4997.0
20191842,la pente rouge ,Run,543.0,17.6,40.2,57.8,99,112.3,118.0,4530.0,1452.0
17097226,400 m sur piste étang salé,Run,400.0,0.0,12.2,19.2,60,60.0,,72155.0,1037.0
7210044,Up from Croc-Parc,Run,406.5,0.0,23.9,32.9,60,60.67,,10253.0,2673.0
11065619,sentier TUSP,Run,876.6,46.4,101.2,147.6,195,208.1,221.0,3096.0,853.0
13016933,Boulevard Plage,Run,369.3,3.7,5.7,9.4,62,63.25,,40384.0,6712.0
24790772,P Fontaine/Diagonal via cannes,Run,993.7,41.2,176.8,215.6,262,287.6,315.0,210.0,43.0
26777288,Partie I Chemin des Chataigniers,Run,411.4,9.2,349.0,358.2,75,86.9,95.0,7211.0,847.0
13883987,Parcours la pointe,Run,1991.6,26.1,479.4,492.7,384,417.5,437.0,55219.0,3133.0
27195684,"Challenge Langevin, départ arrêt de bus Balance / Demi tour Pdv Grand Galet et arrivée arrêt de bus Balance",Run,19436.5,477.0,48.4,457.7,4366,4850.7,5358.0,40.0,33.0
25377684,10KM nocturne La St JO,Run,9749.5,143.0,26.0,85.0,2008,2110.3,2167.0,252.0,143.0
25633828,Parking grand coude - Point vue avant le Morne ,Run,4242.9,762.0,1187.0,1868.6,2579,2872.2,3131.0,885.0,633.0
17382098,Margosiers Climb,Run,2853.9,618.7,848.8,1379.7,1770,1846.9,1932.0,4413.0,2056.0
9848268,début sentier de la fraise,Run,2728.3,299.7,720.0,998.7,1131,1164.1,1199.0,6272.0,4422.0
23427803,Usine - La Balance,Run,2849.1,0.0,42.6,118.0,555,590.7,624.0,715.0,303.0
18877094,Montee terrain aviat vers chevrettes,Run,724.6,79.6,118.2,197.8,201,239.5,265.0,910.0,106.0
5502189,Montée Foc-Foc (Kiosque Camphriers -> Crête Enclos),Run,8182.2,1609.7,686.6,2258.6,5165,5619.7,5881.0,2292.0,1634.0
19516480,Cap Jaune / Chemin Terre Rouge Climb,Run,1682.4,90.2,6.8,88.4,508,558.7,594.0,899.0,278.0
2623725,Sentier Du Tremblet Climb,Run,413.84,57.0,3113.6,3170.6,90,113.8,125.0,2632.0,1955.0
14169521,Sentier du Tremblet (Nez Coupé du Tremblet -> Piton de Bois Vert),Run,4823.0,379.0,1929.0,2261.0,2639,3159.3,3694.0,57.0,55.0
2623724,Sentier Du Tremblet Climb,Run,2134.68,196.0,2930.0,3124.8,890,990.8,1042.0,2471.0,1738.0
22950727,Chemin Terre Rouge / La Marine Down,Run,1735.6,11.2,9.0,91.8,440,523.2,565.0,398.0,210.0
22950784,La Chapelle / Intersection Chemin Mandarines,Run,1607.5,102.0,62.4,164.4,457,487.1,512.0,907.0,155.0
15415047,Gîte Basse Vallée par GR R2,Run,4573.3,524.0,87.0,609.0,2155,2424.8,2569.0,456.0,392.0
23913905,RN Crête2,Run,1253.0,36.0,641.0,666.0,308,360.4,405.0,563.0,55.0
24111369,1er sentiers Mare-longue-premier kiosque ,Run,2026.1,195.1,23.0,204.6,882,1101.4,1189.0,258.0,106.0
5367836,TEMOR St Leu (Cayenne -> Rue Begue),Run,4090.8,831.9,16.5,833.2,1888,2002.4,2077.0,17545.0,3799.0
21996348,DH TEMOR Saint-Leu,Run,4085.5,4.4,23.4,829.8,989,1055.7,1092.0,14294.0,3030.0
25993306,Fin montée avirons,Run,2312.6,100.6,273.4,368.4,652,707.0,735.0,122.0,76.0
26476407, parcours flèches bleu Ravine Des Poux - D3 ,Run,6396.0,859.0,52.0,832.0,2755,3355.2,3701.0,75.0,30.0
13438722,DH Cayenne sentier uniquement,Run,2039.5,6.0,34.0,442.0,502,542.6,578.0,23459.0,4471.0
18976887, Montée Panon 5km,Run,5018.9,308.4,19.4,327.8,1194,1395.5,1523.0,174.0,106.0
23946676,Montée Piton Calvaire (Piste VTT),Run,1684.5,264.0,484.0,744.3,699,856.5,959.0,138.0,34.0
26248683,Chemin Duguet jusqu'à la croisé ,Run,2346.2,334.2,451.3,785.5,817,1027.11,,172.0,69.0
10073320,Dassy A/R,Run,6770.9,873.4,241.6,518.3,2180,2265.5,2318.0,16576.0,2956.0
2905139,Le Bloc,Run,3431.87,0.0,1370.7,2484.7,2717,3026.5,3271.0,11425.0,7467.0
5194363,Dimitile - Sentier Bayonne,Run,9312.6,939.3,407.7,1240.6,6485,6732.9,7128.0,3250.0,1826.0
5129706,Montée du Taibit,Run,3723.0,714.1,1337.0,1973.0,2190,2390.2,2530.0,19553.0,10069.0
5193241,Descente du Bloc,Run,3714.6,44.7,1372.4,2454.8,1553,1670.5,1759.0,17449.0,10407.0
7000795,Montée sentier de Grande Terre,Run,1565.4,242.6,1482.6,1726.3,704,784.2,807.0,3304.0,1616.0
15785982,Burel -> Cilaos (par Ilet à Cordes),Run,12685.0,1733.7,655.3,1278.3,5521,6590.67,,687.0,516.0
22515482,Descente Int. Zèbre/Jument - ch. trou de terre,Run,3047.7,84.3,752.9,1220.8,782,858.3,890.0,7163.0,3017.0
11172628,DH Piton Rouge -> RF Tamarins,Run,3696.2,0.0,1868.0,2386.0,1104,1230.5,1329.0,863.0,682.0
19480646,échelles et D+,Run,1212.2,427.8,1120.8,1545.0,1050,1218.8,1330.0,1273.0,737.0
11136223,DH sentier Grand Bassin,Run,3464.3,33.0,747.0,1404.0,1181,1247.0,1306.0,9715.0,4300.0
9646226,grand bassin passerelle parking ,Run,2967.4,0.0,788.5,1348.6,1743,1858.3,1930.0,10003.0,4551.0
16625626,Mollaret climb,Run,2179.4,796.8,900.3,1495.3,1405,1577.6,1635.0,5654.0,2931.0
26520894,Dernier 450 d- descente grand bassin,Run,1943.1,8.8,693.0,1137.4,607,642.6,662.0,18067.0,6550.0
10976161,Mare à Boue -> Kerveguen (int.),Run,9135.8,662.0,1605.0,2181.0,4493,4763.8,4956.0,9347.0,7011.0
24133808,Bitume Sortie Mollaret/parking,Run,3789.0,8.6,1396.5,1618.9,713,761.2,790.0,3607.0,2138.0
21868404,"Croisement source, jusqu'au point avant avt paturage",Run,4409.7,938.0,709.8,1630.2,2761,3142.0,3258.0,5355.0,2749.0
20414456,On met les Gaz... Coin tranquille ,Run,835.0,68.0,1408.9,1472.7,174,206.6,224.0,2430.0,540.0
25043258,Mare Kerveguen - Croisement Descente Kerveguen,Run,844.4,58.8,2262.0,2304.6,337,371.3,405.0,12279.0,7791.0
8990447,Montée du rempart,Run,456.1,103.8,2227.8,2307.6,141,226.8,261.0,9257.0,8055.0
22974064,A/R dolomieu,Run,11000.5,553.0,2236.8,2492.2,4298,4934.1,5151.0,4614.0,4268.0
12013789,Montée Pl. Sables -> Orat. Ste Thérèse (+150m),Run,1440.8,224.4,2301.4,2432.5,539,598.5,638.0,4457.0,2700.0
10996721,Cratère Dolomieu -> Pas de Bellecombe,Run,5248.8,188.0,2212.8,2499.7,2024,2260.3,2360.0,5638.0,5286.0
10622067,de l'enclos au parking,Run,2122.5,31.6,2321.9,2353.4,670,694.3,717.0,2140.0,1707.0
11105741,Sentier du Rempart de la Rivière de l'Est (PR 11),Run,4183.7,426.0,2090.0,2432.0,1874,2034.4,2139.0,2487.0,1549.0
10622041,Du Parking au Rempart,Run,2129.4,32.3,2321.7,2353.6,566,625.5,675.0,1224.0,1148.0
26957414,faux plat boutik cadet,Run,491.4,13.7,267.8,281.5,105,115.3,122.0,717.0,137.0
26613992,1er partie monter citerne EDF ,Run,759.6,155.2,322.4,477.6,396,429.2,452.0,376.0,113.0
22758146,portion 2 Lamendière,Run,956.3,97.9,389.3,487.2,328,362.7,390.0,167.0,35.0
7960436,Piste Ermitage NS (Récif -> GO),Run,1374.7,16.0,4.0,16.9,262,268.7,272.0,39527.0,9714.0
13693488,Tour à la mode ouest Trail,Run,1582.1,11.0,13.0,19.0,249,288.1,307.0,22274.0,1366.0
12011461,pied vital > 1er ravito,Run,495.5,132.0,37.2,169.2,103,278.2,308.0,15807.0,2603.0
4591586,Chemin Coton Climb,Run,582.2,58.9,134.5,192.8,138,158.3,169.0,4184.0,1370.0
6974037,Golf Parcours bleu - La forêt,Run,1128.1,0.0,143.9,188.8,280,296.7,312.0,11140.0,2493.0
17909771,Grand fond - port st gilles,Run,2631.3,21.6,5.7,18.9,584,625.1,658.0,2000.0,1002.0
19820498,20% cap lahoussaye,Run,220.4,46.2,26.4,72.6,67,80.9,88.0,13842.0,3731.0
26235935,Tamarins -> cd 13,Run,1244.7,184.6,189.8,374.4,504,550.33,,863.0,221.0
23509586,A/R SENTIER DE BORD STADE INTERSECTION,Run,6711.0,550.0,215.0,664.0,2158,2702.8,2939.0,269.0,131.0
22028755,Plage de la Saline vers Ermitage par la route,Run,3096.5,0.0,925.8,928.0,634,664.2,694.0,865.0,566.0
21933056,TEMOR Citerne Barel,Run,3152.1,344.2,508.4,852.6,1159,1253.9,1391.0,298.0,59.0
18710683,Montée d'odane,Run,4220.7,761.0,257.0,900.0,2227,2395.7,2500.0,23797.0,8841.0
5492698,Montée du Maido (La Brèche -> Sommet rempart),Run,3163.3,892.7,1308.2,2093.6,1800,2018.7,2149.0,22209.0,9509.0
11638288,KV de la Roche Ecrite,Run,2118.5,927.0,1173.0,2096.0,2266,2584.8,2709.0,1420.0,1006.0
12093341,DH Dos d'Ane -> Deux Bras,Run,3757.7,92.0,285.2,917.0,1531,1722.3,1825.0,7970.0,3596.0
4218546,Mamode Camp/Roche Ecrite,Run,9405.6,1135.0,1213.1,2256.9,3994,4587.0,4818.0,2411.0,1549.0
10262965,Montée Aurère (La Porte -> Bord Bazar),Run,4198.1,292.3,369.5,600.8,1826,2039.6,2157.0,5539.0,2867.0
9324674,DH sentier Scout -> La Plaque,Run,5298.8,339.9,874.5,1675.8,1829,1967.8,2027.0,17813.0,10393.0
6089832,Sentier du Piton des Neiges Climb,Run,514.8,42.0,2974.4,3016.4,116,138.9,148.0,12216.0,8183.0
9503610,UH Sentier Scout (La Plaque -> RF13),Run,5448.2,840.0,921.0,1661.0,2661,3291.7,3549.0,3332.0,2458.0
4591595,Chemin Ratinaud Climb,Run,990.1,97.8,368.3,456.0,275,290.1,300.0,6387.0,2589.0
21429431,Montée Cap Anglais,Run,5080.5,1113.0,1020.0,2104.0,3393,3663.4,3855.0,3499.0,2177.0
10320785,DH belouve --> parking avant hell-bourg,Run,2666.1,136.7,971.2,1506.4,894,952.3,980.0,6729.0,4194.0
11945746,Riv du mat little .,Run,4711.4,372.6,147.6,284.6,1415,1572.6,1670.0,2558.0,351.0
10320799,Montée parkin hell bourg - panorama belouve,Run,2772.8,651.6,974.0,1508.2,1546,1660.9,1756.0,2567.0,1979.0
11327915,Cap Anglais -> Bélouve,Run,5531.4,142.4,1555.0,2166.3,1883,2178.5,2329.0,4469.0,2832.0
26541220,Raidillon ( nouvo tracé ),Run,446.6,49.6,189.3,238.9,156,165.6,174.0,1108.0,438.0
10007992,montée échelles TAKAMAKA,Run,504.5,269.6,891.0,1160.6,584,831.78,,261.0,241.0
16242679,Boucle Dioré,Run,2864.8,202.0,586.0,773.0,1158,1251.8,1299.0,1084.0,364.0
19807660,Boucle eden : route en haut,Run,250.0,16.6,746.2,762.8,62,65.75,,1080.0,508.0
25371293,montée chemin de confiance ,Run,1084.3,273.3,776.1,1049.4,698,804.8,877.0,614.0,122.0
19467754,Boucle de l'Eden,Run,15560.7,969.8,78.8,761.3,4835,5420.9,5778.0,564.0,221.0
34978325,Avirons Bois-Blanc -> Rond-point Étang-Salé,Run,2262.2,5.0,22.0,30.0,434,494.6,519.0,641.0,430.0
25426767,10kms st be,Run,10057.5,13.1,9.4,26.2,2067,2195.22,,235.0,33.0
12447574,Riv du ma les bas Part 1,Run,1852.3,32.1,11.1,43.2,443,494.7,521.0,1170.0,197.0
14943320,Le mur de Betléem,Run,402.2,0.0,76.3,211.5,190,289.1,337.0,2178.0,312.0
18420637,Test CAP Littoral St Benoit ,Run,2299.9,26.3,-1.9,21.5,443,496.6,516.0,7548.0,866.0
23487592,Chemin Ducroissy sens N2002 vers Chemin RDM,Run,879.0,14.2,32.6,46.8,171,184.3,193.0,1045.0,113.0
20324132,front mer RDR1,Run,2169.0,27.0,18.0,39.0,461,474.9,488.0,8371.0,1060.0
26969758,Ch Morange p1 ( croisé JB - croisé Safer ),Run,2001.2,93.3,25.5,118.8,489,543.0,624.0,155.0,48.0
19269164,Ravanales Grande Boucle,Run,2622.4,146.2,271.3,399.6,812,885.0,975.0,1178.0,142.0
15431261,Chemin des Anglais D100,Run,457.6,102.8,21.6,124.4,109,162.0,190.0,32557.0,12652.0
20346972,sprint lafarge,Run,559.5,2.0,20.0,22.0,93,97.0,101.0,14304.0,1564.0
19475331,Monter Aymerick,Run,745.0,15.0,28.0,43.0,66,139.4,154.0,8360.0,1706.0
15887867,Parc -  Port est vers l'ouest,Run,1512.3,16.1,0.4,11.4,292,305.5,311.0,19672.0,2289.0
19470930,fin parcs vers port est,Run,1548.0,0.0,22.2,24.2,296,310.0,318.0,21512.0,2628.0
21248003,Kalla 1er 8,Run,905.3,138.0,148.6,286.6,361,393.1,417.0,6924.0,2460.0
19774829,sprint 500m Pointe des Galets,Run,453.9,7.0,19.0,24.0,74,80.2,87.0,12600.0,1588.0
16844993,ROND POINT DANSEUSE - ROND POINT MAC DO,Run,1147.2,0.0,36.1,58.0,179,227.3,239.0,7833.0,2661.0
17421374,A very slow Jesse Owens,Run,1282.8,4.7,9.2,25.5,186,255.0,278.0,1950.0,419.0
21693632,rp macdo vers rp danseuses,Run,1074.0,17.0,50.0,67.0,72,191.1,222.0,7474.0,1650.0
2906977,Sentier Mercure,Run,4490.08,771.881,81.2,815.9,2087,2182.2,2273.0,18306.0,3621.0
9503288,DH sentier Mercure,Run,4509.3,18.0,98.0,836.0,1207,1300.2,1385.0,15626.0,3469.0
9117547,Descente du Colorado,Run,4800.4,29.2,44.8,616.6,1141,1309.9,1384.0,12975.0,7284.0
11277378,Colorado complet,Run,3855.7,613.0,79.0,665.0,1656,1887.7,1995.0,10264.0,3039.0
9504596,DH sentier Rampes de la Montagne,Run,1377.6,15.0,105.7,329.3,391,422.4,447.0,26067.0,5771.0
12423360,grande chaloupe / barriere,Run,2454.5,0.0,31.8,388.8,917,998.6,1044.0,26252.0,11633.0
9606560,Boucle du Pic Adam - parking à parking,Run,6703.4,662.5,726.8,1232.4,2748,2971.2,3066.0,2007.0,765.0
20275089,kiosque/robinet,Run,504.2,0.0,13.4,18.0,81,93.11,,67556.0,6883.0
2862763,Chemin Des Anglais Climb,Run,1057.01,135.787,101.6,237.2,347,390.2,404.0,34049.0,13139.0
16030692,Boucle Fenêtre => Ilet à Guillaume => RF Affouches => Fenêtre,Run,15851.0,895.0,448.0,1265.0,5994,6335.3,6716.0,745.0,426.0
18022134,Sainte marie- Ravine des chèvres,Run,2250.7,43.4,17.4,30.7,483,499.9,513.0,16198.0,2401.0
5359291,Ste Suzanne/Ste Marie,Run,4911.1,65.7,7.1,38.0,1057,1096.1,1135.0,5964.0,1382.0
11167397,Montée Duparc,Run,1430.8,49.9,54.1,104.0,290,332.8,357.0,3673.0,472.0
11090021,Montée La Mare,Run,754.0,20.9,21.5,42.4,147,158.6,167.0,14685.0,2554.0
12928305,Ligne droite de  La Mare,Run,712.3,7.0,31.0,40.0,115,134.8,143.0,17841.0,2555.0
24650916,Gillot - RP La Mare by AP,Run,2644.2,8.7,14.0,50.4,510,594.4,619.0,8199.0,1701.0
22999845,1 km sentier littoral sens ste marie-ste suzanne,Run,984.1,2.3,25.3,33.8,161,187.5,195.0,17190.0,2506.0
11076498,Rue vierge noire,Run,647.2,5.8,108.0,113.8,104,130.4,139.0,8441.0,780.0
18022131,Ravine des chèvres- Sainte Marie,Run,2212.1,47.1,16.5,30.5,445,472.0,484.0,16727.0,2504.0
24539301,TPC - 400 Côte ,Run,394.0,5.4,20.8,26.2,63,72.8,78.0,18407.0,3289.0
10368949,Chaussée royale - Parc du Colosse,Run,1194.5,13.7,15.5,25.2,216,225.9,232.0,5333.0,574.0
12104569,Boucle Coulée verte depuis Baudelaire,Run,1140.5,8.6,43.2,51.8,287,351.5,397.0,273.0,32.0
27798706,1000m chemin Agenor (Colosse) vers Champ Borne,Run,1009.7,2.8,31.6,37.4,142,189.4,212.0,2663.0,468.0
28864688,Montée Canal depuis la mer,Run,422.0,7.2,16.6,23.8,85,102.3,110.0,1087.0,236.0
35502587,AP021,Run,2711.0,15.0,25.0,33.0,576,615.4,638.0,787.0,244.0
29496354,de Ch lagourgue à Ch Lefaguyes  PM,Run,1058.6,0.0,13.2,19.4,161,221.1,243.0,3138.0,643.0
35502589,AP011,Run,519.0,0.0,25.0,32.0,63,89.4,97.0,10441.0,1183.0
30660751,Relance colosse-sentier litt. ,Run,1025.3,0.0,21.7,26.6,144,191.1,219.0,4396.0,580.0
29944712,Seuil TK (sens horaire),Run,1292.0,12.4,46.0,56.4,290,313.4,327.0,505.0,32.0
29944783,Seuil TK (sens anti-horaire),Run,1269.0,11.8,45.2,55.0,273,318.9,344.0,210.0,27.0
13022369,PIERREFOND ETANG SALE,Ride,6395.2,21.6,29.0,81.0,282,358.2,382.0,9738.0,902.0
23292464,Piste Cyclable parallèle TCSP-Allée des Cèdres,Ride,1000.5,11.2,42.6,53.8,61,85.9,90.0,38036.0,4777.0
20953900,faux plat aéroport,Ride,701.0,16.0,60.6,76.6,60,61.11,,9933.0,1427.0
22656934,N1 Bel Air - Le Gol,Ride,1402.9,2.2,69.2,82.6,62,64.67,,18260.0,1386.0
5881960,sentier terrain militaire,Ride,1756.1,43.4,18.0,57.0,218,241.0,257.0,1653.0,464.0
19303304,FDM l'étang retour après banc de sable,Ride,1140.8,4.4,-9.4,-5.0,112,116.1,120.0,10072.0,1732.0
25381639,Bérive-Tampon,Ride,2683.0,18.7,547.2,587.0,201,226.6,231.0,24196.0,2531.0
7222321,Ligne Bambou-Ligne 400,Ride,3352.9,205.3,266.2,466.8,455,461.3,465.0,14163.0,1621.0
18578062,Ascension mont-vert les hauts,Ride,3516.1,285.2,327.2,612.4,576,686.5,742.0,2110.0,756.0
17869157,Traversée Grand Bois,Ride,2471.6,34.2,9.0,30.7,174,176.3,177.0,29086.0,4758.0
17328510,Plaine des grègues partie dur ,Ride,1636.7,130.6,506.4,637.0,285,314.6,333.0,7607.0,1404.0
23191166,Rond Point Vincendo / Rond Point Langevin,Ride,2094.9,2.4,48.2,102.6,127,128.9,131.0,19354.0,3335.0
17267778,Lianes fin ,Ride,3687.0,224.2,181.8,406.0,591,632.5,654.0,11718.0,1603.0
15161715,Manapany Short,Ride,2381.9,119.8,51.1,152.0,236,248.0,255.0,18505.0,3499.0
10735042,G-Coude2,Ride,2422.8,466.4,701.4,1124.3,556,596.1,621.0,1326.0,589.0
14108529,Piton de Bloc,Ride,3110.5,265.8,636.0,872.7,603,662.1,723.0,790.0,205.0
5783868,Rue Claude Marion Climb,Ride,3113.0,216.8,396.2,613.0,543,637.9,685.0,1631.0,364.0
6380124,Route Forestière 38 des Camphriers Climb,Ride,7178.7,346.0,340.8,685.0,1676,1894.1,2108.0,245.0,94.0
15122400,point au sel,Ride,4003.6,37.4,25.4,60.6,232,262.6,278.0,154005.0,9416.0
7130069,Montée Stella (D11 : RN1 -> Pharmacie Stella Int. D25),Ride,2685.8,140.3,9.1,136.6,316,344.6,360.0,24723.0,3042.0
25057376,Ravine des sables Rond-Point Stella CLM aller,Ride,6629.0,52.2,-11.6,25.4,375,389.0,404.0,158257.0,8903.0
18998044,Montée Grand Fond les Hauts,Ride,635.8,40.2,363.7,403.9,63,68.0,73.0,16313.0,2403.0
26252974,Arrivée Full Saint Leu,Ride,3581.8,3.0,12.9,49.4,193,207.7,210.0,141302.0,8736.0
16653043,Bosse CD 13,Ride,594.4,24.2,395.8,420.0,60,62.6,,16762.0,2644.0
9951193,Chemin du cap,Ride,5630.1,516.2,-16.2,500.0,1294,1347.9,1423.0,1337.0,569.0
5193449,D16 (D3 -> Le Tevelave),Ride,2152.5,197.8,707.9,903.8,426,467.5,498.0,2580.0,1086.0
23270814,Route des sables,Ride,2924.3,9.4,10.4,19.0,165,195.4,213.0,100783.0,8483.0
20240898,sentier des sables,Ride,3146.6,5.6,23.0,28.6,199,213.6,220.0,96398.0,7036.0
10137942,Route des sables,Ride,5756.2,31.4,18.2,30.2,422,449.3,459.0,57467.0,5390.0
9083576,Rd Point le Pont / Bras de Pontho,Ride,5516.9,322.2,235.4,557.6,896,927.5,953.0,10256.0,1822.0
2163712,Impasse Jules Valles Climb,Ride,2412.12,242.542,585.7,820.2,506,548.2,581.0,6360.0,1533.0
20745147,Rte de Cilaos - La croix/Pavillon,Ride,13058.9,357.2,180.4,488.2,1420,1426.5,1448.0,11027.0,3645.0
16450409,14ème - 17ème,Ride,2042.0,137.0,820.0,957.0,250,317.7,357.0,6737.0,1555.0
13012733,Tampon-horloge Bois-Court,Ride,16051.5,791.0,524.8,1288.8,2567,3228.0,3498.0,158.0,89.0
16480624,Pont dessus dessous - Peter both ,Ride,2317.0,208.6,693.8,902.4,505,517.8,525.0,15314.0,4825.0
4918951,Cd 36 Nd de la Paix Climb,Ride,4112.7,399.4,1316.4,1715.8,1034,1140.4,1201.0,2118.0,999.0
20030980,PK27 col de bellevue,Ride,4855.2,72.8,1494.0,1557.6,477,511.0,522.0,3661.0,1357.0
12005514,Piton Sec - Nez de Boeuf,Ride,3609.6,272.4,1781.4,2053.8,419,606.4,763.0,5513.0,1972.0
16720088,Notre-Dame de la Paix par la plaine des cafres,Ride,7068.7,363.7,1419.1,1719.8,1227,1327.0,1423.0,409.0,260.0
21030068,CD 36 NOTRE DAME DE LA PAIX,Ride,1859.1,0.0,1431.8,1532.9,122,130.0,134.0,3053.0,995.0
17904297,dernier coup de cul volcan ,Ride,685.9,32.5,2330.6,2363.1,88,107.6,116.0,3726.0,1815.0
2279251,Route Du Volcan Climb,Ride,2709.96,172.0,2155.4,2327.4,452,515.8,539.0,3568.0,1793.0
22572164,Côte,Ride,916.9,29.2,131.6,160.8,72,81.5,85.0,21173.0,4169.0
2611952,Route Forestière 43 Bis Du Gîte Du Volcan Climb,Ride,1041.04,141.601,2234.5,2375.8,869,1084.5,1223.0,113.0,109.0
2509749,Route Du Volcan Climb,Ride,810.78,118.8,1956.8,2072.6,499,681.3,865.0,140.0,142.0
6560062,grande ravine,Ride,874.3,0.0,15.3,41.0,61,68.11,,165497.0,9665.0
7891878,Chemin armanet (montée Tois bassins),Ride,4844.0,325.1,368.4,642.5,686,744.7,780.0,19244.0,3082.0
5496510,Montée RF Maido (RF 68 Cryptomérias -> RF 9a Tamarins N),Ride,5032.1,550.3,1266.5,1741.2,546,836.6,1068.0,4791.0,2311.0
2611963,Chemin Vaudeville Climb,Ride,2322.44,176.665,1251.8,1427.1,488,523.4,563.0,700.0,340.0
18739062,ROUTE FORESTIERE MAIDO,Ride,7561.6,539.8,1050.8,1590.6,1851,2260.6,2545.0,381.0,139.0
8956639,DH Simanbry,Ride,2213.5,0.0,1445.0,1753.2,218,237.8,253.0,972.0,265.0
2509796,Sentier Du Grand Bénare Climb,Ride,1704.42,432.2,1516.8,1949.0,410,2452.3,3387.0,31.0,32.0
6731169,Chemin des Orangers Climb,Ride,1017.1,171.1,1149.9,1304.2,133,145.9,155.0,788.0,501.0
5485443,Chemin Ilet A Bourse Climb,Ride,552.2,140.4,825.2,966.6,494,691.2,780.0,85.0,65.0
20269944,Mare séche - Cilaos,Ride,2204.6,109.2,1118.2,1227.4,280,315.7,335.0,14594.0,4223.0
12273627,Montée de Terre Sainte,Ride,803.8,28.6,11.3,39.9,83,97.9,104.0,13035.0,3034.0
21584352,Dernier Kilomètes Cyclo-Civis,Ride,1225.8,0.0,66.4,77.0,97,99.5,103.0,18536.0,3892.0
24883480,descente CCI,Ride,2129.2,0.0,15.6,140.7,150,161.9,166.0,2542.0,894.0
19355320,Croix jubile école rond point aubépine ,Ride,1074.4,39.9,59.0,96.9,126,141.1,156.0,1327.0,531.0
20114271,Descente de l'Anse,Ride,1173.7,0.0,40.8,112.1,52,54.7,56.0,25994.0,4161.0
16618130,Chemin Sylvain Vitry Climb,Ride,839.1,55.0,159.4,214.4,127,138.7,146.0,684.0,121.0
22475082,* D29: Montvert les Bas - Ravine du Pont,Ride,5493.2,165.2,342.4,460.4,694,743.7,790.0,1420.0,507.0
16179740,Montée chemin Fortuné Grosset : Le mur du sud!,Ride,2025.5,212.0,443.0,655.0,609,638.7,689.0,54.0,36.0
19158567, Croix Jubilé/Bois Noirs,Ride,1809.0,21.6,68.8,90.4,144,152.4,154.0,19288.0,4209.0
2611967,Rue Louis Blériot Climb,Ride,1800.95,90.838,54.3,145.1,200,206.3,212.0,18856.0,3233.0
24336204,Chemin safer ,Ride,4975.2,344.4,279.4,623.8,1179,1320.7,1460.0,197.0,36.0
14081391,gîte BB,Ride,7443.6,532.0,51.1,583.1,1891,2060.22,,156.0,105.0
28796191,RF Mare Longue (RN à chemin Ceinture),Ride,1594.7,82.5,22.4,104.9,275,309.2,342.0,127.0,67.0
18964434,Descente maison pointue ,Ride,2710.4,2.0,18.8,158.1,181,182.4,183.0,21580.0,2883.0
13234063,UH1 foret etang salé,Ride,112.5,15.0,88.6,103.6,17,20.3,22.0,6545.0,840.0
13592386,Balle trappe short climb,Ride,1050.3,69.2,63.9,133.1,199,229.9,242.0,2895.0,523.0
15822384,Bosse clm raid des sables ,Ride,693.9,51.6,50.6,102.2,113,136.5,151.0,5359.0,669.0
22858850,Rond point solard discount Rte des sables,Ride,5443.0,5.0,7.0,28.0,444,461.8,473.0,26356.0,3615.0
22495117,Pont RSE (SL-SP),Ride,512.9,2.0,42.2,44.2,24,32.9,36.0,43018.0,5046.0
17238108,Saint Louis - L'Étang Salé,Ride,2947.2,6.8,7.2,17.1,169,186.4,197.0,15620.0,2854.0
21941354,Partie 4 voies. ,Ride,1942.3,2.0,12.2,15.6,84,106.6,112.0,16602.0,1346.0
22858392,Parking Golf Rond Point Solard Discount,Ride,5589.0,24.0,14.0,34.0,442,466.8,472.0,18120.0,3394.0
21914853,Monté Terrain Cross,Ride,450.9,42.4,132.8,175.2,69,80.6,89.0,1586.0,333.0
13850157,Pharmacie bois do - pont blanc,Ride,2777.6,100.2,159.6,259.8,275,316.9,323.0,10129.0,2022.0
5309499,Sentier de l'Entre Deux Climb,Ride,1629.1,87.0,392.2,479.8,247,260.6,269.0,12590.0,2099.0
22344971,Descente Entre-Deux,Ride,2302.7,4.3,260.1,403.9,143,159.4,165.0,11690.0,2084.0
8107242,Chemin la Ouette,Ride,999.8,56.6,22.6,79.2,133,149.3,155.0,3704.0,1006.0
12851670,Tampon to the 14th,Ride,5022.8,277.3,544.8,816.1,613,759.2,831.0,6106.0,1033.0
14733462,Hubert delisie a ia pointe,Ride,624.0,6.0,528.4,534.4,45,46.2,48.0,26170.0,2648.0
14446097,Ancienne route mc do - rond point ,Ride,847.4,39.2,427.4,466.6,97,106.0,110.0,15494.0,1707.0
24959481,MAMZEL vers CARRE VERT ,Ride,1391.8,2.0,564.2,594.6,111,117.2,123.0,8016.0,1320.0
16788330,Forêt du rond ,Ride,838.6,113.9,705.2,819.1,235,250.3,262.0,379.0,226.0
5973323,Chemin de Cap Blanc Climb,Ride,441.9,133.6,376.5,508.6,81,105.0,116.0,939.0,469.0
5882748,3eme palier,Ride,164.9,13.8,871.4,885.6,25,32.8,37.0,1788.0,318.0
4643362,Chemin Fonds Creux Climb,Ride,1839.5,85.4,586.4,671.8,220,245.9,260.0,6920.0,1639.0
21584299,Descente Emaus,Ride,718.4,0.0,90.2,94.6,40,45.6,47.0,42518.0,5682.0
21584314,Route de pierrefonds,Ride,2257.0,0.0,72.6,94.6,142,158.3,164.0,38204.0,5158.0
16537016,rpima 3/4 fdm pierrefonds,Ride,1709.4,16.2,22.8,28.0,166,173.3,180.0,4263.0,1090.0
21126751,Piste après aéroport,Ride,1154.4,3.6,6.8,13.0,106,124.7,132.0,4480.0,947.0
15195369,Full gas - Full south!,Ride,6323.4,23.0,12.1,48.1,333,367.2,387.0,150060.0,9420.0
21977568,Monté Pointe au Sel,Ride,520.1,13.4,-28.4,-15.0,23,33.0,37.0,166071.0,9859.0
7376213,5K Climb Etang Sale,Ride,5245.2,480.2,60.6,540.8,1170,1290.6,1361.0,1257.0,585.0
14704920,Ravine --> Petite-Ile - Manapany,Ride,2360.4,41.0,606.0,647.0,234,245.8,255.0,16018.0,1845.0
5860767,Montée Plaine des Gregues,Ride,3667.6,210.2,449.4,659.0,570,623.4,649.0,3575.0,1001.0
2192136,Route Forestière N°8 Du Maïdo Climb,Ride,17167.2,1497.6,700.8,2197.0,3833,4140.2,4334.0,2592.0,1426.0
1734831,Sentier Du Piton Des Neiges Climb,Ride,6011.74,1657.4,1489.3,3029.5,2551,4080.3,6379.0,87.0,81.0
21539703,ilet à cordes - cilaos,Ride,10556.8,493.8,1103.6,1311.2,1505,1730.7,1839.0,708.0,466.0
12090666,Col de Bébour - Est,Ride,1926.4,168.2,1185.8,1354.0,420,464.4,484.0,938.0,490.0
7337448,Petit coup de rein,Ride,390.8,18.0,21.8,39.4,24,27.0,30.0,27994.0,2733.0
4365267,St Benoit Montée 1,Ride,639.8,25.1,9.5,33.5,46,49.6,52.0,27559.0,3426.0
7001496,montée morange,Ride,4825.0,256.2,19.1,270.6,638,644.6,663.0,4287.0,673.0
12090521,Rd-Pt Plaines - Pl Palmistes,Ride,16985.7,951.8,29.4,981.2,2896,3045.3,3202.0,1760.0,671.0
15618288,Monter départ pont payet ,Ride,6088.0,393.8,519.8,913.6,974,1024.6,1062.0,4688.0,1591.0
4211466,D53 Climb,Ride,4998.7,368.6,240.6,600.4,989,1030.8,1057.0,3020.0,763.0
9617370,chrono ravine à malheur 2015,Ride,10202.4,613.0,32.2,645.2,1539,1620.1,1658.0,13285.0,2429.0
19137610,RDL - Grande Chaloupe-Possession,Ride,4082.0,4.4,-4.4,-1.0,209,227.3,242.0,31764.0,3428.0
15710766,Dos dane hard,Ride,9717.5,833.3,180.3,947.0,1775,1851.0,1917.0,2314.0,1020.0
22661078,Descente Route de Cambaie,Ride,1887.9,5.4,68.6,87.6,123,128.4,131.0,76219.0,5792.0
6675446,Route du Littoral Climb,Ride,379.5,99.7,14.3,101.6,18,19.9,21.0,36668.0,4416.0
18533340,10 tours vélodrome Cambaie,Ride,16251.5,54.9,6.8,13.0,1397,1452.8,1540.0,2132.0,231.0
12445352,adams climb,Ride,362.2,44.1,245.8,289.9,59,69.11,,392.0,127.0
11414645,Rav. des Chèvres N2002 Est-Ouest,Ride,468.5,38.2,29.6,67.8,37,42.9,46.0,30029.0,3276.0
22950845,4 KM les plus dur - Départ Bassin Bœuf ,Ride,4094.3,377.7,351.9,729.6,850,1010.4,1061.0,2184.0,614.0
5299607,Fin Piton Fougères,Ride,5114.1,615.4,521.4,1124.8,1556,1652.0,1766.0,848.0,363.0
25311365,Sur la piste cyclable,Ride,1826.0,11.0,46.6,62.2,98,104.4,109.0,43303.0,4597.0
6470986,UH Le Brulé / Mamode Camp,Ride,4676.2,698.9,873.3,1221.0,870,985.9,1045.0,2615.0,728.0
5244998,Sainte-Suzanne centre ville,Ride,546.7,29.0,11.2,40.4,42,49.0,52.0,37461.0,4186.0
24846934,sprint pont rivière du mat vers rond point vidot,Ride,489.1,7.8,136.2,144.0,32,35.7,38.0,28984.0,3343.0
15981338,Retour du championnat par équipe,Ride,8657.2,23.2,9.0,82.7,619,635.6,640.0,17546.0,1476.0
18242080,Ligne droite Bois Rouge full gaz!,Ride,603.8,0.0,-212.0,-208.4,33,35.0,37.0,13608.0,1464.0
21863777,chemin sarabe eglise,Ride,661.8,16.2,192.4,202.1,52,57.3,59.0,10471.0,1258.0
22578687,Piste cyclable de l'Etang Salé,Run,1972.8,0.0,8.9,16.1,94,336.1,388.0,28512.0,4778.0
14095875,pont du golf - fin piste cyclable,Run,2772.2,14.0,-8.0,-2.0,504,534.0,555.0,20865.0,3915.0
10795091,Chemin des accacias downhill,Run,2220.0,22.2,673.2,904.6,393,415.5,430.0,564.0,431.0
15270766,Montée raid !!!,Run,335.6,33.6,-118.4,-84.8,81,92.0,102.0,4108.0,682.0
23235965,Montée Bellecombe haut,Run,1641.6,143.3,513.5,654.7,506,540.4,563.0,691.0,432.0
13184166,Passerelle en haut / Passerelle en bas - Mica,Run,1383.5,0.0,241.7,399.0,330,350.2,363.0,39336.0,5541.0
24428359,Dernier Lacet Dassy,Run,293.2,35.2,475.4,510.6,8,50.6,60.0,59492.0,5582.0
13148571,sommet roselie zebre,Run,4188.9,843.6,500.1,833.8,1941,2017.8,2094.0,10616.0,4266.0
16585357,Montée Tapage - Piton Cabris,Run,2680.9,380.0,816.0,1196.0,1146,1234.9,1282.0,2960.0,1323.0
11144469,vers nez de boeuf,Run,183.2,22.8,2045.4,2068.2,7,35.9,51.0,6997.0,3568.0
5880897,Sentier de la Rivière des Remparts Roche Plate Climb,Run,1320.3,304.8,1074.3,1369.1,838,871.9,890.0,4449.0,2073.0
5193344,Sentier Grd Galet - Grd Pays -> Plaine des Sables,Run,3754.2,0.0,1220.1,2224.0,3464,3608.9,3697.0,2801.0,1935.0
4591531,Chemin Bruniquel Climb,Run,1026.3,214.8,82.9,296.6,502,584.3,621.0,5677.0,1253.0
4162980,descente Piton des Neiges/Gite,Run,2776.1,34.7,2493.0,3034.0,943,1068.5,1137.0,11751.0,7933.0
17856181,sentier jacky isnard climb,Run,7593.5,1051.8,1509.5,2192.2,3942,4250.5,4583.0,1445.0,1021.0
19482776,Descente Eden : Belvédère - début béton,Run,6981.2,193.0,141.0,682.9,1626,1845.0,1997.0,865.0,299.0
26969116,Ch Morange ( montée depuis patisserie ),Run,4866.9,240.9,19.6,260.5,1235,1390.0,1557.0,97.0,32.0
24729564,faux plat la Marine,Run,266.3,5.9,15.1,21.0,2,14.8,31.0,13357.0,1311.0
11144452,montée piton misére,Run,1533.6,160.4,1781.8,1941.4,683,756.1,788.0,1904.0,1361.0
6666087,Tour Palmiste,Run,1642.7,30.5,1046.6,1073.2,256,276.4,290.0,3224.0,475.0
9974915,Chemin des Anglais (Possession -> Fin sentier St Bernard),Run,7906.2,716.5,19.0,359.0,2941,3076.3,3284.0,21266.0,10709.0
16677351,Haut grd chaloupe-> barrière possession,Run,4507.7,146.0,20.2,231.6,1287,1357.8,1433.0,8308.0,3139.0
24552186,Dos d'ane-stade Halt-la,Run,5419.0,33.0,251.0,902.0,1199,1261.9,1329.0,6286.0,2807.0
13181922,montée la jamaique,Run,969.8,19.2,11.0,30.2,42,178.5,209.0,25453.0,3634.0
4218616,DH Gite des Chicaux/Mamode Camp,Run,5223.1,64.5,1218.9,1843.1,1553,1645.7,1771.0,4859.0,2728.0
23792978,Parking - Escaliers 1 RDM les Bas,Run,1951.6,66.4,136.8,182.6,541,606.56,,2454.0,557.0
19793548,Boucle de l'Eden : complète,Run,17591.0,827.6,63.8,762.8,5290,5938.9,6345.0,409.0,167.0
24545756,Galet - fin de montée boucle RDM,Run,2335.9,136.7,141.7,267.0,789,880.4,916.0,2591.0,403.0
26190794,Chemin colonial: Champborne--> embouchure RDM,Run,2523.6,6.0,10.4,26.4,562,613.5,643.0,943.0,290.0
22336782,Descente renaissance RA,Run,1736.2,3.5,10.9,110.5,322,346.6,363.0,340.0,163.0
22990358,Faux plat pond Mulat,Ride,543.0,2.0,15.0,17.0,26,28.4,30.0,159795.0,9406.0
24329234,Debout Sur les Pédales,Ride,360.8,19.4,13.8,33.2,29,34.4,37.0,23798.0,3784.0
24095776,Demi-tour drifté chauffe la gomme !,Ride,341.0,7.0,95.0,102.0,8,36.3,44.0,1511.0,643.0
5321310,BAS3 Raid des Sables,Ride,270.1,11.1,34.5,45.6,29,34.4,37.0,3429.0,834.0
3624193,Chemin Juliette Dodu Climb,Ride,356.123,103.134,146.5,247.8,9,17.6,20.0,20732.0,2854.0
23364395,Pont RSE (SP-SL),Ride,504.3,0.0,57.0,60.6,26,27.8,29.0,46458.0,5053.0
23259830,Ravine du Gol-Avenue Pasteur,Ride,351.7,3.8,35.0,38.8,25,26.0,27.0,36519.0,4473.0
26244555,Monter derniere coulée 2007,Ride,693.4,26.7,115.8,142.5,45,54.1,57.0,17568.0,3422.0
13695071,cote les oranger,Ride,379.1,13.0,226.2,239.2,25,26.0,27.0,9177.0,1795.0
26244737,Faux plat Bonne Esperance ,Ride,346.2,16.4,89.5,105.9,30,35.2,38.0,16090.0,3792.0
3896321,faux plat station St Gilles,Ride,680.176,19.4951,11.4,30.9,38,45.4,49.0,116140.0,7394.0
19411268,Kom 4 voie st andré,Ride,684.0,0.0,79.0,87.0,27,33.4,37.0,5795.0,1455.0
21795226,Final Clm Tour 2019,Ride,467.9,7.6,13.1,17.0,18,24.4,28.0,4193.0,1165.0
4904950,Rue Paul Verlaine,Ride,640.5,11.1,23.4,34.5,52,56.3,57.0,6150.0,1725.0
1454003,Route Du Littoral Climb,Ride,327.08,103.384,19.9,111.9,14,18.4,20.0,14518.0,2017.0
15890269,SENTIER THEO 1,Ride,412.7,5.0,580.1,660.3,46,48.7,52.0,3179.0,339.0
14904081,Gillot,Ride,590.5,6.9,39.0,45.9,38,42.3,45.0,44862.0,1695.0
27128653,Sentier Beau Rivage,Ride,585.4,0.0,17.6,21.2,37,38.9,40.0,26983.0,2926.0
17848934,Le petit chauffe cuisse,Run,264.7,21.0,34.0,55.0,22,40.0,45.0,12805.0,2324.0
19834495,Cote gravier Antenne,Run,125.6,18.8,50.0,68.8,2,18.3,24.0,10971.0,1777.0
25335968,Pente Para 2,Run,126.1,20.4,64.2,85.0,10,18.6,23.0,8810.0,1552.0
18720584,piste chatoire,Run,296.3,0.0,503.6,505.0,30,37.0,41.0,88839.0,463.0
14873476,Grande Anse - 2,Run,155.5,26.0,61.0,87.0,30,43.4,50.0,21749.0,2330.0
13891414,Sprint trou d'eau,Run,172.6,4.1,10.6,14.7,5,16.7,23.0,9402.0,3455.0
14515224,400m sarda,Run,397.2,8.7,91.6,97.3,38,46.7,51.0,91325.0,638.0
6271874,Entrée de Saint-Louis,Ride,377.4,16.2,18.4,33.0,26,28.2,29.0,51372.0,5017.0
23351710,Dernière Ligne Droite RN5,Ride,389.3,0.0,66.6,83.6,17,20.11,,14280.0,2345.0
21254336,le faux plat des belles filles,Ride,619.4,12.6,39.2,50.8,36,41.4,43.0,42584.0,5680.0
14680296,sortie sud grand brulé,Ride,505.7,14.0,189.8,203.8,38,39.1,40.0,18678.0,3464.0
23631767,vrai pente maingnard,Ride,370.8,20.6,749.0,769.6,42,44.7,48.0,7844.0,1835.0
10132293,Sprint 20'' panneau sortie Saline Ouest/Nord,Ride,298.0,0.0,7.2,9.1,5,14.2,17.0,134137.0,8462.0
6080637,Dernière montée Cilaos,Ride,4705.6,272.2,933.0,1194.0,676,727.6,748.0,14043.0,4191.0
15742631,mare à poule d'eau - Hellbourg,Ride,1601.5,153.4,729.1,882.5,282,357.1,385.0,2230.0,994.0
6795561,Montée Bras Rouge,Ride,1145.1,59.0,1337.1,1369.7,126,203.6,247.0,1226.0,728.0
20567431,Descente Cilaos - Bras de Benjouin,Ride,4808.5,7.4,906.2,1162.8,340,372.1,379.0,8518.0,2997.0
23657576,Plateau bègue - le bloc ,Ride,2320.8,39.0,1383.6,1406.4,192,207.9,215.0,1430.0,656.0
6790444,Montee Bras sec,Ride,1285.0,156.8,1269.9,1405.6,144,208.8,237.0,4170.0,1685.0
22261811,ligne droite la petite plaine,Ride,672.6,10.9,1076.0,1086.9,51,53.1,54.0,4884.0,653.0
3611996,Rue De La Republique Climb,Ride,3007.96,126.2,1078.2,1204.4,381,438.5,463.0,3609.0,1389.0
12090702,Col de Bébour - Ouest,Ride,1096.2,6.8,1389.2,1396.0,186,197.5,204.0,851.0,507.0
27173670,UH Début lacets - aire pic-nic,Ride,4239.9,241.8,393.6,633.0,689,720.7,733.0,2982.0,770.0
11361681,Takamaka View Point,Ride,614.6,182.7,777.1,956.9,89,109.9,122.0,1693.0,627.0
3602475,Avenue Du Stade Climb,Ride,1928.16,107.4,908.8,1016.2,274,294.7,310.0,405.0,226.0
18982328,Cambourg,Ride,9030.0,101.0,211.0,296.0,791,810.6,816.0,7038.0,1464.0
22449406,Chemin Ceinture,Ride,9284.3,28.8,256.2,341.0,725,735.2,742.0,4696.0,1437.0
12291153,FP Chaussée Royale Ouest/Nord,Ride,1872.4,5.4,8.2,13.6,129,136.2,141.0,47818.0,4279.0
7171769,Chemin Cabot,Ride,2292.7,256.0,397.6,652.4,577,614.9,645.0,392.0,170.0
20300134,Montée La Plaine - Bois de Nèfles (rd point),Ride,6036.0,315.8,128.6,433.6,984,1029.6,1109.0,2307.0,853.0
20587396,climb guillaume,Ride,1405.0,105.0,521.0,626.0,210,240.1,264.0,7584.0,2509.0
15397220,Sprint vival,Ride,340.5,0.0,448.8,453.4,22,23.5,24.0,14350.0,1989.0
15438760,Pichette- Dos D'ane,Ride,8238.6,623.6,422.4,1046.0,1628,1730.8,1822.0,3023.0,1044.0
1605623,Impasse Du Rouler Climb,Ride,3136.11,215.117,28.5,227.4,463,497.5,526.0,5886.0,928.0
23930983,DH P21,Ride,440.1,0.0,600.8,684.0,51,57.8,62.0,975.0,87.0
18095812,Salazie Mare à vielle place,Ride,9073.9,439.4,487.2,914.2,1488,1537.8,1576.0,1970.0,738.0
6380168,Chemin de Montauban Climb,Ride,1293.6,95.6,227.8,322.6,189,301.2,333.0,811.0,123.0
23287499,DH piton fougère,Ride,7638.1,0.0,335.4,1133.8,695,725.0,752.0,715.0,319.0
6473003,DH Grand Figuier,Ride,4604.1,0.0,518.5,1587.6,446,804.89,,59.0,30.0
19844268,UH route du Piton fin,Ride,1419.7,183.3,554.6,716.1,283,367.2,406.0,2626.0,456.0
4591708,D 43 Climb,Ride,778.4,132.9,643.1,750.4,123,134.4,140.0,7488.0,1260.0
7101288,Montée 1 classique des cannes 2014,Ride,3982.1,134.8,49.2,184.0,460,527.2,553.0,2420.0,268.0
19490984,Sprint a la vitesse du son,Ride,819.3,0.0,273.2,321.6,30,37.8,42.0,6631.0,1671.0
4426309,Bagatelle/Radier Haut Riviere Ste Suzanne,Ride,8077.2,575.9,269.4,784.8,1531,1693.9,1783.0,1792.0,557.0
4426387,Bellevue,Ride,2443.4,143.9,27.2,165.8,358,366.78,,2637.0,629.0
19424805,Intervalle 1,Ride,1569.0,28.0,3.0,29.0,110,121.6,129.0,26156.0,2622.0
19424842,Dernier intervalle,Ride,3604.0,31.0,7.0,41.0,248,255.6,259.0,13361.0,2217.0
15988438,Aller circuit XC,Ride,1507.6,8.2,20.2,24.0,193,204.3,215.0,2349.0,319.0
23026489,Ligne droite GP BRAS-PANON 2020,Ride,776.5,0.0,41.6,48.4,53,54.2,55.0,9784.0,381.0
21511293,Descente Gp Saint-Benoix,Ride,2302.6,7.8,53.8,105.6,167,167.7,168.0,3631.0,582.0
26707367,Montée chemin Harmonie ,Ride,1938.7,79.0,47.6,124.1,333,405.22,,193.0,66.0
22597540,Berges marsouins vers rivière des roches ,Ride,4207.5,36.7,4.4,28.9,550,590.9,626.0,792.0,169.0
27669487,DH lotissement du golf,Ride,326.5,0.0,320.8,367.8,48,59.5,67.0,423.0,51.0
6579044,DH Marron,Ride,995.0,0.0,508.8,648.0,125,132.1,139.0,578.0,105.0
17189653,Station Engen / LaCroix,Ride,6260.1,220.0,444.2,634.6,706,730.8,754.0,10910.0,1823.0
25141425,LA CROIX - PLATEAU,Ride,753.6,2.6,602.9,608.5,54,57.3,60.0,20409.0,2701.0
1454004,Chemin Des Anglais Climb,Ride,554.114,124.723,19.6,137.1,28,29.7,32.0,37009.0,4430.0
6421494,UH1 Saint François,Ride,5002.3,336.8,49.6,386.4,823,893.8,927.0,8056.0,1249.0
10558568,Prologue tour de Réunion,Ride,343.7,0.0,11.4,11.4,15,15.5,16.0,700433.0,867.0
24121450,Montė devant la gare ,Ride,300.3,5.4,11.8,17.2,4,18.7,22.0,26843.0,4859.0
17987802,Domenjod stade=> stop,Ride,852.9,55.8,140.8,196.6,123,133.9,146.0,1515.0,385.0
17357310,Vers pizza,Ride,724.8,19.1,67.6,80.7,43,51.1,56.0,32471.0,2379.0
25984968,Mairie bellepierre - First radio - RBE,Ride,4793.8,302.6,198.0,500.6,877,958.5,995.0,3512.0,746.0
17139052,Phare Ste Suzanne to Convenance par sentier littoral,Ride,2761.3,0.0,38.4,58.2,253,279.3,296.0,14874.0,2362.0
25739498,Sprint Tcsd ok,Ride,336.0,15.0,126.0,141.0,26,34.6,37.0,15386.0,1534.0
23990240,aller niagara,Ride,903.7,4.0,-10.0,-6.0,78,87.6,93.0,4961.0,1691.0
27362611,RD51_Ligne_Droite_Ravine_des_Chèvres,Ride,614.4,29.8,128.4,158.2,71,74.0,76.0,15019.0,1535.0
19068705,Bout droit St Suz->Ste Marie SLN,Ride,876.0,0.0,48.4,55.6,72,76.2,81.0,16815.0,2623.0
24121492,Dernier coup de reins ST,Ride,526.2,3.7,35.0,38.7,44,50.8,53.0,11676.0,2391.0
3823161,ste suzanne Up,Ride,1206.92,61.6521,7.0,68.1,99,108.6,114.0,2863.0,892.0
17697373,Pierrefonds Cap Long,Run,2334.0,0.0,24.0,28.0,489,506.9,517.0,8578.0,2502.0
25573362,1000 m chemin l'étang ,Run,1002.0,18.8,-13.8,19.2,31,179.3,203.0,14604.0,2833.0
25573694,1000m retour l'étang,Run,999.0,15.4,-0.6,23.6,186,197.4,203.0,14657.0,2926.0
17932326,va plus vite si tu veux t'envoler 2,Run,2125.0,2.2,2.8,11.5,440,476.5,485.0,6225.0,2223.0
22940204,chemin etang du gol retour,Run,2870.0,4.0,20.0,24.0,568,599.9,631.0,8767.0,2199.0
20912747,ptitour,Run,3837.5,21.6,59.0,75.6,877,1018.8,1107.0,135.0,64.0
23615508,1ère partie RN5 Cilaos Road,Run,1356.8,45.4,200.6,246.0,333,362.6,378.0,938.0,165.0
20369030,Bas Chemin Piton,Run,1403.2,38.0,65.4,98.0,337,374.6,409.0,798.0,118.0
8418508,Boulevard Hubert,Run,1305.9,8.0,-22.0,-19.0,193,235.8,246.0,46093.0,10793.0
17372679,Montée directe piton mont vert,Run,129.3,55.6,539.4,595.0,8,31.3,47.0,1632.0,574.0
13499424,Piton Babet,Run,407.2,94.2,10.2,104.4,116,163.5,184.0,12691.0,924.0
26037454,A.R. Parking - Plateau du Morne ,Run,9792.4,1077.6,1229.0,2247.4,6124,7664.7,8442.0,187.0,122.0
5880895,Rue Petite Plaine Climb,Run,564.3,150.4,669.9,807.3,289,371.1,409.0,4937.0,2065.0
23143573,Chemin canne,Run,1710.2,0.0,394.4,557.5,332,402.0,433.0,653.0,178.0
22823466,"Basse Vallée ""Kiosque-La Roche""",Run,2641.5,830.3,721.1,1551.4,2574,2720.1,2890.0,2458.0,1737.0
5371203,Route Forestière 38 des Camphriers Climb,Run,1204.2,92.8,617.7,681.6,315,328.0,333.0,2196.0,1520.0
22762335,Sentier Mare Longue,Run,2084.6,405.3,143.5,548.8,1479,1832.2,1975.0,257.0,165.0
26744983,Sentier Payet jusqu'à l'intersection route forestière,Run,1790.3,247.4,693.4,934.0,902,998.3,1086.0,291.0,109.0
17456585,montee jacq payet,Run,3434.4,551.0,879.4,1425.6,2166,2384.3,2596.0,119.0,108.0
22727831,FDM,Ride,1346.7,9.5,6.1,10.8,105,115.0,119.0,26277.0,3826.0
21670870,entrée terre sainte sud ,Ride,460.4,3.2,89.8,93.2,35,38.1,40.0,22282.0,3721.0
19314912,Pierrefond nouvelle route domaine cafe vers rpima ,Ride,1799.4,14.5,49.0,58.2,146,153.0,161.0,17336.0,3237.0
8323432,bassin plat,Ride,1156.2,50.8,78.2,129.0,139,146.8,156.0,6210.0,1197.0
19279513,Front de mer sud aller papy ,Ride,1777.9,18.4,5.6,11.4,158,161.5,165.0,23048.0,4515.0
19918471,Marius et ary le blond sous préfecture ,Ride,1812.9,38.8,18.0,42.7,191,209.1,218.0,2393.0,976.0
6405400,Chemin Neuf,Ride,3755.2,54.6,105.8,154.0,319,322.5,325.0,30829.0,4089.0
19060674,Descente foufou manapany ,Ride,2501.2,52.7,51.1,152.0,142,143.3,144.0,27240.0,4650.0
14144666,Bosse sortie Plaine des Grègues - Mica,Ride,596.2,50.0,655.0,705.0,91,108.3,119.0,6532.0,1196.0
26887922,Descente croisée Bezaves à croisée Goyaves,Ride,6370.9,0.0,62.3,426.3,460,479.1,487.0,5290.0,1116.0
13091557,papaille,Ride,1277.8,45.5,41.9,80.4,111,112.1,113.0,19265.0,3704.0
16656798,Chemin de ceinture complet,Ride,4680.0,248.0,56.0,304.0,855,953.5,1065.0,412.0,88.0
5371163,Chemin de Ceinture Climb,Ride,1601.8,95.1,12.8,99.6,261,307.3,357.0,429.0,122.0
6380122,Chemin de Ceinture Climb,Ride,2021.7,116.4,183.4,297.0,401,437.4,471.0,408.0,85.0
21354564,Montée chemin de cannes,Ride,3570.2,174.8,163.8,338.6,642,746.7,799.0,248.0,87.0
21354589,Descente Chemin Ceinture,Ride,4268.3,0.0,99.0,338.8,438,485.7,513.0,263.0,87.0
21354628,Montée Descente Chemin Ceinture,Ride,8216.1,182.2,99.0,344.2,1208,1355.2,1543.0,231.0,82.0
24376750,Pointe au Sel par Voie Séurisée,Ride,486.0,13.0,15.6,28.6,25,28.3,31.0,128686.0,10009.0
19332366,raidard portail,Ride,349.5,26.6,50.2,76.8,69,81.78,,271.0,99.0
12421107,"montee pierre Roger ""Le Plate""",Ride,4385.0,412.8,364.4,727.7,773,928.5,985.0,1237.0,424.0
25032020,CLM Test #3 2020,Ride,13264.6,93.4,30.8,71.2,870,925.6,1003.0,10746.0,1789.0
7934786,Croisé le gol - Bellevue,Ride,5906.1,391.1,29.0,385.3,1022,1061.3,1084.0,2064.0,501.0
7376164,5 K climb to Les Makes,Ride,5095.7,446.0,394.6,830.2,1018,1148.7,1206.0,2092.0,1087.0
17848722,Fond Parc / Portail Dimitile,Ride,5692.9,519.1,489.2,1008.3,1149,1215.3,1293.0,2277.0,595.0
25474076,Full Descente les Makes,Ride,5959.9,2.2,375.6,870.4,412,426.9,436.0,2862.0,1216.0
16196796,Tampon - Maison du Volcan - Mica,Ride,16612.8,1028.2,548.0,1576.2,2845,3223.9,3493.0,1419.0,674.0
23345735,Fist 6km Notre dame ,Ride,6101.0,498.2,574.9,1073.1,1256,1344.6,1393.0,2999.0,1148.0
26283814,Terrain Fleury - Plaine des grègues A/R,Ride,40409.1,709.7,442.6,699.9,4448,4819.1,5158.0,500.0,141.0
16631645,Montée Chemin Henri Cabeu,Ride,1710.4,110.8,814.0,924.8,263,289.4,303.0,6288.0,1305.0
23832664,De Gaulle to Certat ,Ride,804.5,48.7,607.3,656.0,90,103.4,114.0,12718.0,1632.0
21765122,fin la plaine ,Ride,2433.4,135.6,1393.8,1529.4,392,427.3,443.0,6147.0,1725.0
14853799,Raidillon Grand Tampon,Ride,1152.8,136.9,822.8,959.7,286,330.0,344.0,3371.0,1226.0
6131159,Route Forestière 5 du Volcan Climb,Ride,551.2,143.0,2205.0,2345.6,45,51.1,54.0,3661.0,1815.0
16462236,Chemin Safer Grand Coude,Ride,1266.8,120.5,1178.0,1295.5,342,399.3,423.0,119.0,83.0
4047657,Sentier de la Rivière des Remparts Roche Plate Climb,Ride,420.4,91.1,1369.2,1458.9,64,79.4,84.0,309.0,159.0
10735044,G-Coude3,Ride,1388.6,67.2,1115.2,1183.4,196,275.78,,176.0,68.0
21153997,Montée Oratoire jusqu'à la 2nde station météo,Ride,1849.4,103.8,2311.8,2415.6,716,1027.3,1316.0,46.0,31.0
26244588,Le kiosque-Honoré,Ride,463.7,11.2,142.5,153.7,36,39.3,42.0,25103.0,4367.0
28634033,Part 2 Clm,Ride,2914.8,58.3,116.0,155.2,208,235.0,243.0,16467.0,3221.0
28593396,Côte Sortie Enclos Volcanique ,Ride,308.9,13.8,156.6,170.4,21,23.0,24.0,18320.0,3469.0
28634029,Clm Part 2,Ride,2420.7,53.9,116.0,155.2,172,192.9,199.0,17061.0,3267.0
38168616,Seg 1,Ride,563.6,13.2,126.6,140.0,26,32.7,34.0,16265.0,3319.0
7788129,Chemin Surprise,Ride,2899.7,271.4,13.6,285.0,610,649.1,670.0,4183.0,1360.0
24770433,Pont Petite Ravine,Ride,482.8,3.6,-14.6,-11.0,27,29.7,31.0,168490.0,9535.0
5847174,RN1 (Trou d'Eau -> Kelonia),Ride,6810.9,147.5,4.3,42.4,454,492.8,504.0,147506.0,9091.0
11807266,Triathlon le mur,Ride,253.0,43.2,596.8,640.0,59,63.9,68.0,1096.0,494.0
16291360,Cimetiere st leu -fj,Ride,1871.5,3.6,25.2,36.8,100,112.4,116.0,145145.0,8953.0
6426372,Colimaçon3,Ride,2206.6,154.7,731.6,852.4,292,294.0,297.0,13336.0,2587.0
14212676,Chemin Duguet 2.4km / 333m d+,Ride,2418.4,331.0,429.6,760.6,738,847.9,907.0,256.0,119.0
6715420,CD13_rue H.Delisle par montée St Christophe,Ride,4950.4,482.6,383.1,843.6,1070,1156.1,1241.0,2426.0,806.0
5193560,Chemin Mutel Climb,Ride,4172.7,0.0,510.4,847.2,880,933.0,,721.0,249.0
20426654,Grande Ravine -> Petite Ravine,Ride,2192.7,4.6,732.8,776.8,177,178.2,180.0,18946.0,3122.0
21864306,Rte H. Delisle (Camelias -> NDDC Ecole),Ride,5083.0,53.0,848.0,887.0,497,523.6,535.0,7208.0,1715.0
24383862,fin montée Tevelave,Ride,4749.5,343.4,1374.6,1718.0,880,1154.9,1280.0,835.0,499.0
4591559,Chemin des Pamplemousses Climb,Ride,893.7,171.1,798.9,918.9,124,145.2,152.0,15415.0,4475.0
23657556,Le bloc - plateau bègue ,Ride,2243.4,53.6,1382.0,1406.8,188,214.1,239.0,3141.0,1355.0
6472434,Descente Parallèle au Chemin Béton ,Ride,606.3,0.0,1601.8,1614.0,66,87.8,99.0,316.0,101.0
2509779,Impasse Des Peches Climb,Ride,508.71,129.8,1226.4,1351.0,196,462.3,564.0,62.0,53.0
6472272,Montée Chemin Béton ,Ride,559.6,12.2,1601.8,1613.8,59,71.1,85.0,369.0,153.0
4918995,Route Forestière 22 de Duvernay Climb,Ride,1288.4,85.4,1595.8,1681.2,699,903.4,1006.0,21.0,22.0
4918996,Sentier du Piton des Neiges Climb,Ride,2624.7,286.8,1877.8,2149.4,2155,2947.9,3511.0,16.0,14.0
35479298,La bascule (final TCAR#5 2023),Ride,3731.3,24.15,1601.0,1625.2,281,287.6,294.0,5176.0,1646.0
34781723,Tour Allee des Cryptomerias SL,Ride,1964.9,30.2,1205.4,1222.8,213,256.3,287.0,306.0,74.0
31914883,Piton Darid,Ride,640.5,29.0,144.0,175.0,227,281.8,349.0,41.0,15.0
27962111,Clm Part 1,Ride,1359.3,78.2,972.1,1050.3,190,209.9,220.0,378.0,220.0
27962182,Clm Part 2,Ride,2721.7,49.7,1053.5,1103.2,270,277.1,283.0,654.0,268.0
18257937,partie racine,Ride,628.7,0.0,1748.4,1794.1,129,165.9,210.0,248.0,113.0
22261857,montee Fremicourt,Ride,3695.6,258.0,1067.6,1325.6,784,923.0,987.0,114.0,36.0
18524985,Montée depuis le Piton de l'Eau jusqu'à la barrière proche de la route du Volcan,Ride,8601.4,375.3,1870.5,2177.8,1707,1825.6,1915.0,184.0,156.0
20393930,RF 44 du Piton de l'Eau (route du volcan),Ride,5158.1,118.5,2079.5,2178.2,796,866.3,930.0,211.0,184.0
19757780,Du Pont au pont,Ride,3273.0,102.0,135.0,237.0,329,343.8,347.0,9895.0,2138.0
9078427,UH1 Bernica,Ride,1300.0,74.8,348.0,422.8,172,196.6,205.0,14427.0,2429.0
13869460,Descente Villèle - L'Ermitage,Ride,6918.2,0.0,18.8,415.8,428,438.5,448.0,6188.0,1555.0
20333424,Int Rosa - Rte Hubert de Lisle int D7 Guillaume,Ride,5858.2,111.3,693.8,864.6,478,503.2,510.0,7932.0,1612.0
14187466,summer3,Ride,665.2,67.5,528.5,576.6,86,98.3,109.0,1514.0,254.0
13173247,Tec-Tec,Ride,2544.7,4.4,1344.2,1772.5,304,328.8,356.0,1194.0,272.0
22935428,Boutik Chaine-Ki > 2nde Bosse Jerk,Ride,795.1,47.2,712.2,759.4,63,110.9,136.0,4773.0,1364.0
4211497,Route Departementale 52 Climb,Ride,1179.7,103.0,677.0,779.0,252,275.4,300.0,1194.0,609.0
2250180,Route Forestière 13 Du Haut Mafate Climb,Ride,6360.65,594.6,1232.4,1819.2,1621,1775.6,1864.0,505.0,281.0
26889599,montée 15%,Ride,656.9,86.4,1063.2,1149.6,205,242.7,265.0,156.0,56.0
26671040,DH 2 sentier scout,Ride,2540.3,14.1,902.3,1441.0,798,1248.3,1507.0,116.0,74.0
5485441,Chemin Ilet A Bourse Climb,Ride,784.3,131.8,802.0,931.0,589,688.5,766.0,100.0,82.0
26671053,DH 5 deux bras,Ride,1463.4,0.0,300.0,494.2,430,537.7,732.0,43.0,38.0
18974880,finish Mare à Vieille Place / col Carozin,Ride,860.6,34.4,836.8,871.2,96,114.3,128.0,1685.0,746.0
22924497,Hell bourg-intervalle 4,Ride,2359.0,38.0,410.0,436.0,219,221.2,223.0,7336.0,1802.0
7434875,Mare à Citron-Mare à Vieille Place,Ride,4497.6,243.6,532.0,775.6,682,736.4,771.0,2395.0,840.0
4398886,Montée Bras Sec,Ride,2212.1,268.9,792.4,964.8,468,575.8,645.0,79.0,71.0
18445656,Eden - La Caroline : 4x4,Ride,4831.9,0.0,101.6,470.2,664,750.3,787.0,280.0,127.0
16833664,Grand Fond,Ride,769.5,54.2,147.0,201.2,121,125.7,129.0,4379.0,844.0
26491857,chemin ilet coco,Ride,530.4,4.7,48.8,53.9,46,64.2,71.0,103.0,75.0
26643823,Parcours Duathlon/Triathlon Rivière des Roches,Ride,45144.2,544.7,11.2,230.3,4810,5142.5,5757.0,87.0,54.0
22400499,Mur Prevoisy,Ride,381.6,17.9,46.9,64.8,42,48.3,53.0,969.0,73.0
26643845,Ste Anne - Ste Rose Aller Retour,Ride,23386.8,401.5,30.0,230.3,2318,2523.8,2651.0,297.0,160.0
21842936,Beaufond => ludoparc par littoral,Ride,1740.4,20.3,4.0,9.9,180,216.1,242.0,424.0,133.0
22672812,Entre Cap et Morange,Ride,7264.7,306.2,9.4,261.4,1502,1927.2,2395.0,13.0,10.0
16904274,1 lap XC des vacoas 2k18,Ride,5404.8,61.2,2.2,13.8,800,862.5,921.0,497.0,89.0
18037017,GP Ste Anne,Ride,98100.3,1219.6,27.8,303.8,9585,9993.3,10744.0,15.0,13.0
27586910,Vent de face et faux plat montant,Ride,1156.0,19.0,35.0,54.0,93,102.4,107.0,66417.0,5122.0
12477477,Boulevard de la Marine,Ride,1082.0,25.5,13.2,38.7,85,90.2,92.0,8107.0,1481.0
22643488,Chemin de la foret sous le vent Nord Sud,Ride,1870.7,3.6,13.8,22.0,154,187.6,199.0,5227.0,1053.0
24680991,rivière des galets la berge D,Ride,1043.9,20.4,36.6,57.0,117,143.4,155.0,1138.0,235.0
20300884,CLM championnat 2019 5,Ride,3834.5,44.6,2.0,41.4,298,301.2,304.0,5275.0,1074.0
21795228,Partie roulante Prologue Tour 2019,Ride,2744.4,43.9,-0.6,15.1,181,188.4,193.0,690.0,230.0
22916521,climb nv rte ss soucis,Ride,2216.9,106.6,56.1,149.3,249,252.3,255.0,7190.0,1413.0
25112290,Brûler jusqu’au premier replat ,Ride,2617.4,197.2,437.8,635.0,469,491.9,506.0,8287.0,1248.0
10934228,Le Brûlé par Bellepierre (seconde partie),Ride,4699.7,328.2,490.6,818.8,945,998.8,1038.0,4064.0,774.0
13739358,Cote maniquet- mamode camp,Ride,1766.0,0.0,1102.2,1216.0,299,320.7,330.0,2704.0,730.0
6455767,DH Affouche/Goyavier,Ride,1985.0,28.8,778.6,1005.9,557,679.0,769.0,695.0,144.0
10512374,Montée Grand Canal ,Ride,1284.0,103.4,82.8,186.2,137,201.7,229.0,2236.0,398.0
2683291,Sentier Lindor Climb,Ride,1611.06,96.4,163.4,259.8,172,227.7,243.0,5882.0,1008.0
22759116,DH Kiosque - Bassin Boeuf,Ride,4204.6,2.8,398.0,761.8,328,373.3,392.0,759.0,293.0
22731861,1 tour xc vacoas 2020,Ride,4794.0,62.4,23.6,34.4,656,736.3,781.0,593.0,98.0
18503791,DH grande chaloupe nord,Ride,694.3,0.0,18.0,175.4,169,222.0,276.0,123.0,64.0
32227689,Piton darid,Ride,645.8,33.0,1270.0,1303.0,195,225.4,256.0,43.0,16.0
34803373,GP St denis Retour ,Ride,1728.6,0.0,20.0,21.4,105,107.3,108.0,15852.0,2281.0
34803368,GP st denis Aller,Ride,1936.4,0.0,19.2,21.0,101,122.8,129.0,16477.0,2382.0
34803338,1er partie CLM,Ride,2537.4,2.6,20.2,22.8,133,163.9,172.0,15524.0,2373.0
19697717,SL / échangeur - Pont Butor,Ride,2437.7,32.5,3.8,16.0,155,160.1,163.0,37612.0,5260.0
1454002,Chemin Du Cap Bernard Climb,Ride,401.26,105.152,66.5,150.5,21,23.6,25.0,15908.0,2358.0
19697701,SL / Pont Butor - échangeur,Ride,2466.0,38.0,3.5,16.0,240,258.6,274.0,28716.0,3824.0
4911326,Allée du Golf Climb,Ride,660.6,118.1,12.8,113.0,33,37.1,39.0,15745.0,2302.0
6429695,Ruisseau blanc -->chemin de vandas,Ride,925.2,69.2,382.0,450.6,97,105.3,119.0,2872.0,695.0
14695295,Convenance Short,Ride,1073.1,41.1,9.2,50.3,104,111.8,115.0,42328.0,4411.0
6380244,Rue du Souvenir Climb,Ride,303.5,95.6,45.6,141.2,14,25.3,30.0,23855.0,3646.0
22750472,Aller Retour DHL - Gillot,Ride,1728.5,15.8,29.1,39.8,130,153.89,,710.0,124.0
5501833,XC Jamaique 2013 Single 3,Ride,416.4,0.0,16.2,20.5,52,71.7,82.0,137.0,71.0
15099320,Malecon Saint-Pierre,,1452.6,,,,174,272.5,304.0,,
11878564,Chemin de la Salette,,1762.1,,,,450,470.9,486.0,,
23184520,La bossecescaliers,Run,173.6,17.8,246.6,264.4,8,22.0,27.0,2906.0,386.0
22578504,Montée la source descente jusqu'à arrêt de bus mairie,Run,5350.2,236.8,194.2,463.8,1692,1902.2,2014.0,60.0,19.0
23252985,Chemin Bois de pintade,Run,218.0,21.9,253.6,275.5,55,65.4,76.0,1892.0,333.0
6403497,Chemin du Premier Bras Climb,Run,825.0,70.7,162.2,231.0,233,259.5,274.0,165.0,57.0
23753053,Sprint montée Collège ,Run,122.2,7.7,211.1,218.8,2,16.0,23.0,1135.0,315.0
23479979,1 tour 200 marches ,Run,872.9,53.8,217.0,263.8,291,378.4,567.0,52.0,16.0
23232678,Uh chemin de la Grotte,Run,357.5,23.0,176.0,199.0,43,73.4,84.0,1805.0,366.0
14081268,Chemin des fleurs,Run,426.1,25.0,202.0,227.0,77,90.6,101.0,823.0,153.0
23305503,ligne droite longani,Run,199.0,2.0,158.8,162.5,27,30.4,34.0,1183.0,201.0
23180080,Stade Domenjod/Dufourg,Run,895.5,66.0,136.0,202.0,192,235.4,262.0,2217.0,321.0
23180099,chemin St Léonard/Stop Dufourg,Run,422.5,30.0,172.0,202.0,78,94.8,110.0,2432.0,336.0
19151045,Tour du terrain de Domenjod,Run,323.1,9.1,125.5,134.6,45,54.0,61.0,33011.0,307.0
12181154,escalier la prison ,Run,856.9,65.2,124.5,189.7,199,235.0,261.0,1654.0,205.0
23743025,derniere montée chateau d eau,Ride,322.3,39.0,569.5,608.5,62,112.6,134.0,233.0,91.0
6380243,Chemin de l'Esperance Climb,Ride,865.4,117.6,431.4,548.8,234,349.8,422.0,129.0,60.0
23191408,Début sentier-cote béton 1,Ride,730.5,71.0,472.0,544.0,159,260.2,325.0,135.0,60.0
23477589,Inter chemin Fougères fin Bois Rouge,Ride,795.5,67.0,525.0,592.0,172,192.5,206.0,948.0,176.0
23477605,Côte chemin des Dolmens,Ride,686.0,54.0,521.0,575.0,141,190.6,222.0,208.0,41.0
29327569,Gravel,Ride,1371.5,116.3,360.4,476.7,345,395.9,420.0,428.0,124.0
37717738,2025 Ecole à Terminus,Ride,660.0,56.0,546.0,602.0,136,156.8,167.0,1108.0,193.0
37717729,2025 Km Terminus,Ride,798.5,58.0,544.0,602.0,204,218.9,238.0,178.0,45.0
24404996,intersection bois rouge --> montauban,Ride,1008.3,89.9,333.5,423.4,156,226.9,252.0,855.0,269.0
23196197,Chemin Boungaivilliers,Ride,711.6,73.8,343.2,417.0,149,189.1,216.0,148.0,56.0
23157758,Inter Dufourg (fin Lebreton-fin Dufourg),Ride,1530.5,136.0,268.0,404.0,271,337.0,378.0,796.0,154.0
38248287,1971 Bois Rouge + Intersection Boutique,Ride,1243.0,93.4,256.4,344.1,277,302.0,316.0,829.0,122.0
39534198,0 - Arrêt Bus à Montauban,Ride,1202.0,109.0,315.1,424.1,187,281.4,310.0,678.0,235.0
18112403,Droite des ananas,Ride,457.6,55.1,264.5,319.6,100,126.2,137.0,750.0,261.0
6380302,UH pruniers,Ride,694.8,55.8,171.8,227.6,172,190.7,204.0,431.0,135.0
22745431,chemin de la Source 1ère partie,Ride,1356.0,54.0,214.0,265.0,209,238.4,265.0,926.0,110.0
23331491,Sprint Chemin du Stade,Ride,309.0,15.0,191.0,206.0,38,46.0,54.0,99.0,39.0
23221522,uh-Chemin de la Grotte,Ride,371.0,25.0,181.0,206.0,37,49.3,59.0,1978.0,332.0
23221483,Cote explosive collège Domenjod,Ride,367.0,23.0,108.0,131.0,37,51.1,57.0,2777.0,388.0
10471863,Montée Domenjod,Ride,1100.7,75.0,120.8,195.8,158,185.1,216.0,1392.0,215.0
16269637,Boucle Chateau d'eau par Grand figuier,Run,13615.0,1204.2,396.7,1348.9,4851,5441.2,5725.0,468.0,314.0
39567363,AR Bellevue - Roche écrite,Run,19135.2,1657.7,643.6,2277.2,11468,13098.1,13966.0,49.0,43.0
18514327,Grand Figuier up and down,Run,9613.0,1063.4,480.3,1204.0,3153,3683.9,3971.0,355.0,108.0
23453291,km1_grfiguier,Run,1019.9,196.6,518.4,686.1,217,380.0,449.0,2931.0,902.0
26225885,descente rav2 rd point,Run,536.4,3.1,461.0,522.4,93,117.3,135.0,1750.0,497.0
16135108,ravine/portail,Run,757.0,109.9,484.5,558.3,14,193.5,242.0,3314.0,930.0
23297826,Ravine 2 à Portail 1,Run,425.0,77.0,520.0,597.0,108,140.4,160.0,3502.0,936.0
28587686,fin chemin fougeres,Run,468.0,27.4,482.2,509.6,123,137.5,146.0,771.0,196.0
28762730,Chemin des Dolmens climb,Run,705.0,59.6,512.1,571.7,202,239.8,263.0,564.0,81.0
24441699,Côte chemin Bougainvilliers (partie basse),Run,446.5,48.0,296.0,344.0,118,152.8,178.0,512.0,97.0
16244145,montée chemin bougainvillées,Run,691.1,71.0,352.0,423.0,179,225.4,258.0,443.0,126.0
25761711,Boucle Bellevue depuis stop fin dufour,Run,12913.9,996.8,400.5,1346.7,5525,6887.7,7276.0,144.0,63.0
13655129,couloir bois rouge,Run,259.0,39.0,257.4,296.4,62,70.0,79.0,495.0,67.0
24334853,intersection lory --> stop montauban,Run,1530.4,153.0,253.1,406.1,460,489.8,526.0,1189.0,349.0
24546538,bougainvilliers dufour par passerelle,Run,286.4,24.4,339.1,361.4,85,100.4,107.0,890.0,192.0
15508395,BdN - route des Ananas (part.2),Run,425.0,50.9,267.3,318.2,94,129.3,145.0,991.0,258.0
14081028,"Chemin des réservoirs, Moufia Sainte Clotilde",Run,229.3,35.0,201.9,236.9,55,64.4,75.0,855.0,182.0
19575761,Chemin Ylang Ylang (Full),Run,955.0,102.9,212.5,315.4,269,334.5,358.0,573.0,166.0
6022708,Chemin De l'Ylang Ylang Climb,Run,1237.0,115.0,212.7,303.6,255,324.2,351.0,575.0,107.0
23180087,stade domenjod/chem St Léonard,Run,473.0,37.0,135.0,172.0,99,115.7,130.0,3020.0,389.0
27351563,cote courte pont ravine cadet --> stade domenjod,Run,140.7,11.5,120.2,131.7,9,27.5,34.0,4402.0,432.0
